releaseNo,releaseNoY,year,numbers,total,avg,single,prize,wonPersonCount
1,109102,2020/11/24(星期二),05293638444523,197,33,3單3雙,0,0
2,109101,2020/11/20(星期五),16272935374831,192,32,4單2雙,0,0
3,109100,2020/11/17(星期二),06141820384129,137,23,1單5雙,0,0
4,109099,2020/11/13(星期五),07091215252947,97,16,5單1雙,0,0
5,109098,2020/11/10(星期二),05171921282943,119,20,5單1雙,0,0
6,109097,2020/11/6(星期五),05092539444602,168,28,4單2雙,0,0
7,109096,2020/11/3(星期二),06111530324429,138,23,2單4雙,0,0
8,109095,2020/10/30(星期五),06101319404507,133,22,3單3雙,0,0
9,109094,2020/10/27(星期二),02091928303235,120,20,2單4雙,0,0
10,109093,2020/10/23(星期五),03092025263539,118,20,4單2雙,0,0
11,109092,2020/10/20(星期二),05171828303913,137,23,3單3雙,0,0
12,109091,2020/10/16(星期五),07252833444719,184,31,4單2雙,0,0
13,109090,2020/10/13(星期二),01031527394120,126,21,6單0雙,74238386,2
14,109089,2020/10/9(星期五),02071925424706,142,24,4單2雙,0,0
15,109088,2020/10/6(星期二),04052223344037,128,21,2單4雙,0,0
16,109087,2020/10/2(星期五),11151618242646,110,18,2單4雙,0,0
17,109086,2020/9/29(星期二),01070833424731,138,23,4單2雙,0,0
18,109085,2020/9/25(星期五),10313536394827,199,33,3單3雙,92021586,1
19,109084,2020/9/22(星期二),03040508242907,73,12,3單3雙,0,0
20,109083,2020/9/18(星期五),03293032434435,181,30,3單3雙,0,0
21,109082,2020/9/15(星期二),07162932374821,169,28,3單3雙,91114911,1
22,109081,2020/9/11(星期五),01262939484909,192,32,4單2雙,0,0
23,109080,2020/9/8(星期二),01020920264836,106,18,2單4雙,0,0
24,109079,2020/9/4(星期五),02091113394335,117,20,5單1雙,0,0
25,109078,2020/9/1(星期二),01020608384324,98,16,2單4雙,126959210,1
26,109077,2020/8/28(星期五),13141922233624,127,21,3單3雙,0,0
27,109076,2020/8/25(星期二),02232835464833,182,30,2單4雙,0,0
28,109075,2020/8/21(星期五),05144044454632,194,32,2單4雙,0,0
29,109074,2020/8/18(星期二),04223043454715,191,32,3單3雙,0,0
30,109073,2020/8/14(星期五),16202425313337,149,25,3單3雙,0,0
31,109072,2020/8/11(星期二),08124042444705,193,32,1單5雙,128068129,1
32,109071,2020/8/7(星期五),06091940444501,163,27,3單3雙,0,0
33,109070,2020/8/4(星期二),01051119313306,100,17,6單0雙,0,0
34,109069,2020/7/31(星期五),16171819334525,148,25,4單2雙,0,0
35,109068,2020/7/28(星期二),08102223293502,127,21,3單3雙,0,0
36,109067,2020/7/24(星期五),02202124353709,139,23,3單3雙,0,0
37,109066,2020/7/21(星期二),03162531333614,144,24,4單2雙,133174768,1
38,109065,2020/7/17(星期五),05061525304129,122,20,4單2雙,0,0
39,109064,2020/7/14(星期二),04102429324943,148,25,2單4雙,0,0
40,109063,2020/7/10(星期五),04052227464941,153,26,3單3雙,0,0
41,109062,2020/7/7(星期二),04172234444613,167,28,1單5雙,0,0
42,109061,2020/7/3(星期五),13192024404533,161,27,3單3雙,155242715,1
43,109060,2020/6/30(星期二),26293143464906,224,37,4單2雙,0,0
44,109059,2020/6/26(星期五),10121637404105,156,26,2單4雙,0,0
45,109058,2020/6/23(星期二),01021622274513,113,19,3單3雙,0,0
46,109057,2020/6/19(星期五),01151625434606,146,24,4單2雙,0,0
47,109056,2020/6/16(星期二),06132023294642,137,23,3單3雙,106096409,1
48,109055,2020/6/12(星期五),01062830334827,146,24,2單4雙,0,0
49,109054,2020/6/9(星期二),08172835364741,171,29,3單3雙,0,0
50,109053,2020/6/5(星期五),03050824264919,115,19,3單3雙,0,0
51,109052,2020/6/2(星期二),01062225334819,135,23,3單3雙,158264644,1
52,109051,2020/5/29(星期五),31353940454941,239,40,5單1雙,0,0
53,109050,2020/5/26(星期二),01052529333819,131,22,5單1雙,0,0
54,109049,2020/5/22(星期五),03071013394629,118,20,4單2雙,0,0
55,109048,2020/5/19(星期二),27323340434437,219,37,3單3雙,0,0
56,109047,2020/5/15(星期五),06113140424543,175,29,3單3雙,0,0
57,109046,2020/5/12(星期二),01050811353626,96,16,4單2雙,0,0
58,109045,2020/5/8(星期五),08091024273133,109,18,3單3雙,0,0
59,109044,2020/5/5(星期二),17192436434926,188,31,4單2雙,936721938,1
60,109043,2020/5/1(星期五),05182534484945,179,30,3單3雙,0,0
61,109042,2020/4/28(星期二),16293639434842,211,35,3單3雙,0,0
62,109041,2020/4/24(星期五),07101415173945,102,17,4單2雙,0,0
63,109040,2020/4/21(星期二),01022933454739,157,26,5單1雙,0,0
64,109039,2020/4/17(星期五),01213133424422,172,29,4單2雙,0,0
65,109038,2020/4/14(星期二),17192126334512,161,27,5單1雙,0,0
66,109037,2020/4/10(星期五),13334147484901,231,39,5單1雙,0,0
67,109036,2020/4/7(星期二),04071218274423,112,19,2單4雙,0,0
68,109035,2020/4/3(星期五),02173243454734,186,31,4單2雙,0,0
69,109034,2020/3/31(星期二),06212634364923,172,29,2單4雙,0,0
70,109033,2020/3/27(星期五),02081016234941,108,18,2單4雙,0,0
71,109032,2020/3/24(星期二),10121629414501,153,26,3單3雙,0,0
72,109031,2020/3/20(星期五),01081343464829,159,27,3單3雙,0,0
73,109030,2020/3/17(星期二),10172829434704,174,29,4單2雙,0,0
74,109029,2020/3/13(星期五),14223233344931,184,31,2單4雙,0,0
75,109028,2020/3/10(星期二),01041225343742,113,19,3單3雙,0,0
76,109027,2020/3/6(星期五),08121315163045,94,16,2單4雙,0,0
77,109026,2020/3/3(星期二),08101117284240,116,19,2單4雙,0,0
78,109025,2020/2/28(星期五),02091827464825,150,25,2單4雙,0,0
79,109024,2020/2/25(星期二),01020844474809,150,25,2單4雙,0,0
80,109023,2020/2/21(星期五),13152734353931,163,27,5單1雙,0,0
81,109022,2020/2/18(星期二),04133135374249,162,27,4單2雙,0,0
82,109021,2020/2/14(星期五),07132333353609,147,25,5單1雙,0,0
83,109020,2020/2/11(星期二),09222337434638,180,30,4單2雙,0,0
84,109019,2020/2/7(星期五),05151922304231,133,22,3單3雙,373349607,1
85,109018,2020/2/4(星期二),03232728374808,166,28,4單2雙,0,0
86,109017,2020/2/2(星期日),03161730333729,136,23,4單2雙,0,0
87,109016,2020/2/1(星期六),02101220263428,104,17,0單6雙,0,0
88,109015,2020/1/31(星期五),14161928324901,158,26,2單4雙,0,0
89,109014,2020/1/30(星期四),06243541464909,201,34,3單3雙,0,0
90,109013,2020/1/29(星期三),01040914154932,92,15,4單2雙,0,0
91,109012,2020/1/28(星期二),02031320283840,104,17,2單4雙,0,0
92,109011,2020/1/27(星期一),09122333394524,161,27,5單1雙,122573349,1
93,109010,2020/1/26(星期日),03282935414748,183,31,5單1雙,0,0
94,109009,2020/1/25(星期六),05131631414509,151,25,5單1雙,243853927,1
95,109008,2020/1/24(星期五),07131821384403,141,24,3單3雙,0,0
96,109007,2020/1/23(星期四),13182330444837,176,29,2單4雙,0,0
97,109006,2020/1/21(星期二),17223038444836,199,33,1單5雙,0,0
98,109005,2020/1/17(星期五),07092042444508,167,28,3單3雙,0,0
99,109004,2020/1/14(星期二),07203437384718,183,31,3單3雙,247539944,1
100,109003,2020/1/10(星期五),04071217333811,111,19,3單3雙,0,0
101,109002,2020/1/7(星期二),01050815163807,83,14,3單3雙,0,0
102,109001,2020/1/3(星期五),16181929304710,159,27,3單3雙,0,0
103,108112,2019/12/31(星期二),10142638394708,174,29,2單4雙,0,0
104,108111,2019/12/27(星期五),17182532434505,180,30,4單2雙,0,0
105,108110,2019/12/24(星期二),09183145484922,200,33,4單2雙,0,0
106,108109,2019/12/20(星期五),16212228324624,165,28,1單5雙,0,0
107,108108,2019/12/17(星期二),09212731384903,175,29,5單1雙,0,0
108,108107,2019/12/13(星期五),07122631374917,162,27,4單2雙,0,0
109,108106,2019/12/10(星期二),03081819414836,137,23,3單3雙,0,0
110,108105,2019/12/6(星期五),16182223244139,144,24,2單4雙,256401669,1
111,108104,2019/12/3(星期二),05091115364527,121,20,5單1雙,0,0
112,108103,2019/11/29(星期五),10212430354522,165,28,3單3雙,0,0
113,108102,2019/11/26(星期二),08101519364537,133,22,3單3雙,0,0
114,108101,2019/11/22(星期五),03182324264932,143,24,3單3雙,0,0
115,108100,2019/11/19(星期二),05153035384718,170,28,4單2雙,0,0
116,108099,2019/11/15(星期五),03061116264431,106,18,2單4雙,0,0
117,108098,2019/11/12(星期二),01192527314012,143,24,5單1雙,0,0
118,108097,2019/11/8(星期五),01030926404715,126,21,4單2雙,0,0
119,108096,2019/11/5(星期二),09132237404226,163,27,3單3雙,0,0
120,108095,2019/11/1(星期五),12152333414211,166,28,4單2雙,0,0
121,108094,2019/10/29(星期二),03101222364118,124,21,2單4雙,0,0
122,108093,2019/10/25(星期五),03081416263641,103,17,1單5雙,17838152,1
123,108092,2019/10/22(星期二),06172223324213,142,24,2單4雙,20198095,1
124,108091,2019/10/18(星期五),03233236394049,173,29,3單3雙,772753536,1
125,108090,2019/10/15(星期二),13212835373833,172,29,4單2雙,0,0
126,108089,2019/10/11(星期五),07121721303749,124,21,4單2雙,0,0
127,108088,2019/10/8(星期二),07131821263408,119,20,3單3雙,0,0
128,108087,2019/10/4(星期五),10212333424841,177,30,3單3雙,0,0
129,108086,2019/10/1(星期二),02091215204940,107,18,3單3雙,0,0
130,108085,2019/9/27(星期五),10212526353704,154,26,4單2雙,0,0
131,108084,2019/9/24(星期二),02161820223921,117,20,1單5雙,0,0
132,108083,2019/9/20(星期五),08172324313425,137,23,3單3雙,0,0
133,108082,2019/9/17(星期二),12182940414824,188,31,2單4雙,0,0
134,108081,2019/9/13(星期五),02071527373943,127,21,5單1雙,0,0
135,108080,2019/9/10(星期二),03121720293847,119,20,3單3雙,0,0
136,108079,2019/9/6(星期五),02141920264323,124,21,2單4雙,0,0
137,108078,2019/9/3(星期二),11132532334831,162,27,4單2雙,0,0
138,108077,2019/8/30(星期五),06263542444807,201,34,1單5雙,0,0
139,108076,2019/8/27(星期二),01040810454741,115,19,3單3雙,0,0
140,108075,2019/8/23(星期五),05171921424316,147,25,5單1雙,0,0
141,108074,2019/8/20(星期二),01161927354241,140,23,4單2雙,0,0
142,108073,2019/8/16(星期五),07083133414539,165,28,5單1雙,0,0
143,108072,2019/8/13(星期二),05212532364133,160,27,4單2雙,0,0
144,108071,2019/8/9(星期五),04131826414833,150,25,2單4雙,0,0
145,108070,2019/8/6(星期二),01102037384931,155,26,3單3雙,0,0
146,108069,2019/8/2(星期五),05344246484914,224,37,2單4雙,0,0
147,108068,2019/7/30(星期二),04122124333542,129,22,3單3雙,0,0
148,108067,2019/7/26(星期五),04113640414849,180,30,2單4雙,77511613,1
149,108066,2019/7/23(星期二),12143537424706,187,31,3單3雙,0,0
150,108065,2019/7/19(星期五),12172633353910,162,27,4單2雙,0,0
151,108064,2019/7/16(星期二),15303137394808,200,33,4單2雙,0,0
152,108063,2019/7/12(星期五),12141819374730,147,25,3單3雙,406785516,1
153,108062,2019/7/9(星期二),11172034374106,160,27,4單2雙,0,0
154,108061,2019/7/5(星期五),11173233384615,177,30,3單3雙,0,0
155,108060,2019/7/2(星期二),02041133394219,131,22,3單3雙,0,0
156,108059,2019/6/28(星期五),09131526313310,127,21,5單1雙,0,0
157,108058,2019/6/25(星期二),08203136384533,178,30,2單4雙,0,0
158,108057,2019/6/21(星期五),07122630313213,138,23,2單4雙,0,0
159,108056,2019/6/18(星期二),05162729334528,155,26,5單1雙,0,0
160,108055,2019/6/14(星期五),06101222243703,111,19,1單5雙,0,0
161,108054,2019/6/11(星期二),06313239404228,190,32,2單4雙,0,0
162,108053,2019/6/7(星期五),18222627303845,161,27,1單5雙,0,0
163,108052,2019/6/4(星期二),05061923434807,144,24,4單2雙,0,0
164,108051,2019/5/31(星期五),08152131364618,157,26,3單3雙,0,0
165,108050,2019/5/28(星期二),03112236384007,150,25,2單4雙,0,0
166,108049,2019/5/24(星期五),12131921293941,133,22,5單1雙,357526957,1
167,108048,2019/5/21(星期二),07101832414642,154,26,2單4雙,0,0
168,108047,2019/5/17(星期五),02071221234510,110,18,4單2雙,0,0
169,108046,2019/5/14(星期二),09152728404345,162,27,4單2雙,0,0
170,108045,2019/5/10(星期五),11172731333712,156,26,6單0雙,0,0
171,108044,2019/5/7(星期二),02142329354322,146,24,4單2雙,0,0
172,108043,2019/5/3(星期五),06071931324015,135,23,3單3雙,0,0
173,108042,2019/4/30(星期二),01041924474936,144,24,4單2雙,0,0
174,108041,2019/4/26(星期五),08242937444806,190,32,2單4雙,0,0
175,108040,2019/4/23(星期二),08141618303536,121,20,1單5雙,0,0
176,108039,2019/4/19(星期五),04112429324549,145,24,3單3雙,0,0
177,108038,2019/4/16(星期二),01142336394104,154,26,4單2雙,0,0
178,108037,2019/4/12(星期五),12263234454614,195,33,1單5雙,0,0
179,108036,2019/4/9(星期二),10363744454648,218,36,2單4雙,0,0
180,108035,2019/4/5(星期五),11282938434922,198,33,4單2雙,0,0
181,108034,2019/4/2(星期二),05283840414725,199,33,3單3雙,0,0
182,108033,2019/3/29(星期五),01031216294904,110,18,4單2雙,100000000,1
183,108032,2019/3/26(星期二),06131419243826,114,19,2單4雙,100000000,1
184,108031,2019/3/22(星期五),01121637414736,154,26,4單2雙,0,0
185,108030,2019/3/19(星期二),07161736474849,171,29,3單3雙,0,0
186,108029,2019/3/15(星期五),05101220283615,111,19,1單5雙,100000000,1
187,108028,2019/3/12(星期二),05072237404512,156,26,4單2雙,0,0
188,108027,2019/3/8(星期五),03111525314836,133,22,5單1雙,0,0
189,108026,2019/3/5(星期二),12131621424339,147,25,3單3雙,100000000,1
190,108025,2019/3/1(星期五),01081427404534,135,23,3單3雙,0,0
191,108024,2019/2/26(星期二),06172234384220,159,27,1單5雙,249454932,1
192,108023,2019/2/22(星期五),06202243454811,184,31,2單4雙,0,0
193,108022,2019/2/19(星期二),01030424324337,107,18,3單3雙,0,0
194,108021,2019/2/15(星期五),01034044464802,182,30,2單4雙,0,0
195,108020,2019/2/12(星期二),11161929304501,150,25,4單2雙,0,0
196,108019,2019/2/10(星期日),05081419224724,115,19,3單3雙,0,0
197,108018,2019/2/9(星期六),06081819203022,101,17,1單5雙,100000000,1
198,108017,2019/2/8(星期五),08131432364205,145,24,1單5雙,204965634,1
199,108016,2019/2/7(星期四),07212933404108,171,29,5單1雙,0,0
200,108015,2019/2/6(星期三),17232829323912,168,28,4單2雙,0,0
201,108014,2019/2/5(星期二),13183034454933,189,32,3單3雙,217864146,1
202,108013,2019/2/4(星期一),06082432343649,140,23,0單6雙,0,0
203,108012,2019/2/3(星期日),12242836374006,177,30,1單5雙,0,0
204,108011,2019/2/2(星期六),02072235464941,161,27,3單3雙,387277514,1
205,108010,2019/2/1(星期五),10172021324134,141,24,3單3雙,0,0
206,108009,2019/1/29(星期二),14202430444831,180,30,0單6雙,0,0
207,108008,2019/1/25(星期五),03101415204502,107,18,3單3雙,0,0
208,108007,2019/1/22(星期二),02203637424629,183,31,1單5雙,0,0
209,108006,2019/1/18(星期五),04051030394514,133,22,3單3雙,0,0
210,108005,2019/1/15(星期二),12203038404110,181,30,1單5雙,0,0
211,108004,2019/1/11(星期五),13202231344209,162,27,2單4雙,0,0
212,108003,2019/1/8(星期二),04192128394318,154,26,4單2雙,0,0
213,108002,2019/1/4(星期五),06070820474830,136,23,2單4雙,0,0
214,108001,2019/1/1(星期二),18232425394248,171,29,3單3雙,0,0
215,107108,2018/12/28(星期五),07111923354433,139,23,5單1雙,0,0
216,107107,2018/12/25(星期二),07262728303244,150,25,2單4雙,0,0
217,107106,2018/12/21(星期五),05192134414942,169,28,5單1雙,0,0
218,107105,2018/12/18(星期二),05081115333703,109,18,5單1雙,326381297,1
219,107104,2018/12/14(星期五),06091419384920,135,23,3單3雙,0,0
220,107103,2018/12/11(星期二),07121521274748,129,22,5單1雙,0,0
221,107102,2018/12/7(星期五),11202933343618,163,27,3單3雙,0,0
222,107101,2018/12/4(星期二),03061216172014,74,12,2單4雙,0,0
223,107100,2018/11/30(星期五),05142027294507,140,23,4單2雙,0,0
224,107099,2018/11/27(星期二),27333641434431,224,37,4單2雙,0,0
225,107098,2018/11/23(星期五),07202134374305,162,27,4單2雙,0,0
226,107097,2018/11/20(星期二),04313436404420,189,32,1單5雙,0,0
227,107096,2018/11/16(星期五),07112330384945,158,26,4單2雙,0,0
228,107095,2018/11/13(星期二),07213536424310,184,31,4單2雙,0,0
229,107094,2018/11/9(星期五),04121415224828,115,19,1單5雙,0,0
230,107093,2018/11/6(星期二),02052629383907,139,23,3單3雙,0,0
231,107092,2018/11/2(星期五),05161832414702,159,27,3單3雙,0,0
232,107091,2018/10/30(星期二),03092832394707,158,26,4單2雙,0,0
233,107090,2018/10/26(星期五),08102333414648,161,27,3單3雙,0,0
234,107089,2018/10/23(星期二),06091320424321,133,22,3單3雙,113819591,1
235,107088,2018/10/19(星期五),07182032424924,168,28,2單4雙,0,0
236,107087,2018/10/16(星期二),01243940464933,199,33,3單3雙,0,0
237,107086,2018/10/12(星期五),04060712202129,70,12,2單4雙,0,0
238,107085,2018/10/9(星期二),08131623354121,136,23,4單2雙,0,0
239,107084,2018/10/5(星期五),03091042444705,155,26,3單3雙,0,0
240,107083,2018/10/2(星期二),02081633424714,148,25,2單4雙,100000000,1
241,107082,2018/9/28(星期五),01020720273719,94,16,4單2雙,0,0
242,107081,2018/9/25(星期二),19252739404606,196,33,4單2雙,0,0
243,107080,2018/9/21(星期五),03051011294525,103,17,5單1雙,147051016,1
244,107079,2018/9/18(星期二),11233436414543,190,32,4單2雙,0,0
245,107078,2018/9/14(星期五),19293637454618,212,35,4單2雙,0,0
246,107077,2018/9/11(星期二),14161823254441,140,23,2單4雙,0,0
247,107076,2018/9/7(星期五),02081421374449,126,21,2單4雙,0,0
248,107075,2018/9/4(星期二),04061015424912,126,21,2單4雙,100000000,1
249,107074,2018/8/31(星期五),12153437434638,187,31,3單3雙,422503574,1
250,107073,2018/8/28(星期二),08101139424427,154,26,2單4雙,0,0
251,107072,2018/8/24(星期五),03070931394535,134,22,6單0雙,0,0
252,107071,2018/8/21(星期二),08121728313401,130,22,2單4雙,0,0
253,107070,2018/8/17(星期五),03141921354813,140,23,4單2雙,0,0
254,107069,2018/8/14(星期二),15161725344905,156,26,4單2雙,0,0
255,107068,2018/8/10(星期五),05071618364837,130,22,2單4雙,0,0
256,107067,2018/8/7(星期二),12131925304605,145,24,3單3雙,0,0
257,107066,2018/8/3(星期五),04063035404313,158,26,2單4雙,0,0
258,107065,2018/7/31(星期二),15202231353714,160,27,4單2雙,0,0
259,107064,2018/7/27(星期五),05121719354809,136,23,4單2雙,0,0
260,107063,2018/7/24(星期二),24252932424912,201,34,3單3雙,0,0
261,107062,2018/7/20(星期五),09121324394538,142,24,4單2雙,0,0
262,107061,2018/7/17(星期二),11202634414309,175,29,3單3雙,0,0
263,107060,2018/7/13(星期五),02142131424604,98,16,2單4雙,0,0
264,107059,2018/7/10(星期二),09112124394307,147,25,5單1雙,0,0
265,107058,2018/7/6(星期五),02032128324727,133,22,3單3雙,0,0
266,107057,2018/7/3(星期二),09112031344410,149,25,3單3雙,0,0
267,107056,2018/6/29(星期五),04132730374120,152,25,4單2雙,0,0
268,107055,2018/6/26(星期二),05091123374424,129,22,5單1雙,100000000,1
269,107054,2018/6/22(星期五),06071125263031,105,18,3單3雙,0,0
270,107053,2018/6/19(星期二),08092834374215,158,26,2單4雙,0,0
271,107052,2018/6/15(星期五),16252830444627,189,32,1單5雙,113925008,1
272,107051,2018/6/12(星期二),02031415353729,106,18,4單2雙,0,0
273,107050,2018/6/8(星期五),02091731324047,131,22,3單3雙,0,0
274,107049,2018/6/5(星期二),02172225264116,133,22,3單3雙,0,0
275,107048,2018/6/1(星期五),16262833424920,194,32,2單4雙,0,0
276,107047,2018/5/29(星期二),11142026374102,149,25,3單3雙,802766169,1
277,107046,2018/5/25(星期五),01062224324216,127,21,1單5雙,0,0
278,107045,2018/5/22(星期二),02132429414945,158,26,4單2雙,0,0
279,107044,2018/5/18(星期五),01113638414248,169,28,3單3雙,0,0
280,107043,2018/5/15(星期二),02121316324324,118,20,2單4雙,0,0
281,107042,2018/5/11(星期五),04112535374836,160,27,4單2雙,0,0
282,107041,2018/5/8(星期二),03082122374146,132,22,4單2雙,0,0
283,107040,2018/5/4(星期五),10223033364743,178,30,2單4雙,0,0
284,107039,2018/5/1(星期二),08293334464919,199,33,3單3雙,0,0
285,107038,2018/4/27(星期五),04252627304811,160,27,2單4雙,0,0
286,107037,2018/4/24(星期二),09101921353649,130,22,4單2雙,0,0
287,107036,2018/4/20(星期五),10143233354643,170,28,2單4雙,0,0
288,107035,2018/4/17(星期二),07163138404139,173,29,3單3雙,0,0
289,107034,2018/4/13(星期五),01122528404639,152,25,2單4雙,0,0
290,107033,2018/4/10(星期二),07273234414709,188,31,4單2雙,0,0
291,107032,2018/4/6(星期五),07253134474926,193,32,5單1雙,0,0
292,107031,2018/4/3(星期二),01072232343608,132,22,2單4雙,0,0
293,107030,2018/3/30(星期五),01051343444725,153,26,5單1雙,0,0
294,107029,2018/3/27(星期二),13152430384044,160,27,2單4雙,0,0
295,107028,2018/3/23(星期五),04091332344142,133,22,3單3雙,0,0
296,107027,2018/3/20(星期二),08092330374131,148,25,4單2雙,0,0
297,107026,2018/3/16(星期五),03141617434604,139,23,3單3雙,0,0
298,107025,2018/3/13(星期二),14202227283819,149,25,1單5雙,0,0
299,107024,2018/3/9(星期五),12151827303819,140,23,2單4雙,0,0
300,107023,2018/3/6(星期二),09111317384229,130,22,4單2雙,100000000,1
301,107022,2018/3/2(星期五),01121725314821,134,22,4單2雙,0,0
302,107021,2018/2/27(星期二),01031823284410,117,20,3單3雙,0,0
303,107020,2018/2/23(星期五),03071516184142,100,17,4單2雙,100000000,1
304,107019,2018/2/20(星期二),12333438404607,203,34,1單5雙,100000000,1
305,107018,2018/2/19(星期一),07091922364929,142,24,4單2雙,242242207,1
306,107017,2018/2/18(星期日),07082028344610,143,24,1單5雙,0,0
307,107016,2018/2/17(星期六),03051732334736,137,23,5單1雙,0,0
308,107015,2018/2/16(星期五),04072324274117,126,21,4單2雙,100000000,1
309,107014,2018/2/15(星期四),07212237414815,176,29,4單2雙,160238891,1
310,107013,2018/2/13(星期二),04101926354538,139,23,3單3雙,0,0
311,107012,2018/2/9(星期五),12172021304509,145,24,3單3雙,0,0
312,107011,2018/2/6(星期二),06102427414349,151,25,3單3雙,0,0
313,107010,2018/2/2(星期五),01021011264340,93,16,3單3雙,102101484,1
314,107009,2018/1/30(星期二),07081523313630,120,20,4單2雙,0,0
315,107008,2018/1/26(星期五),07233234434724,186,31,4單2雙,0,0
316,107007,2018/1/23(星期二),02122628333444,135,23,1單5雙,0,0
317,107006,2018/1/19(星期五),02131622264839,127,21,1單5雙,0,0
318,107005,2018/1/16(星期二),08262932363923,170,28,2單4雙,100000000,1
319,107004,2018/1/12(星期五),01071422404529,129,22,3單3雙,0,0
320,107003,2018/1/9(星期二),02102223243742,118,20,2單4雙,0,0
321,107002,2018/1/5(星期五),04131729314414,138,23,4單2雙,0,0
322,107001,2018/1/2(星期二),02061218364647,120,20,0單6雙,392347658,1
323,106108,2017/12/29(星期五),11121520274736,132,22,4單2雙,0,0
324,106107,2017/12/26(星期二),07081020242719,96,16,2單4雙,0,0
325,106106,2017/12/22(星期五),12182021313724,139,23,3單3雙,0,0
326,106105,2017/12/19(星期二),03141831414202,149,25,3單3雙,0,0
327,106104,2017/12/15(星期五),17192427313708,155,26,5單1雙,0,0
328,106103,2017/12/12(星期二),16192837384110,179,30,3單3雙,0,0
329,106102,2017/12/8(星期五),01050810343546,93,16,3單3雙,0,0
330,106101,2017/12/5(星期二),01121337414349,147,25,5單1雙,0,0
331,106100,2017/12/1(星期五),02030528424809,128,21,2單4雙,0,0
332,106099,2017/11/28(星期二),09141719464729,152,25,4單2雙,0,0
333,106098,2017/11/24(星期五),04081014414538,122,20,2單4雙,0,0
334,106097,2017/11/21(星期二),04232528394341,162,27,4單2雙,0,0
335,106096,2017/11/17(星期五),02141928394645,148,25,2單4雙,0,0
336,106095,2017/11/14(星期二),05152425444745,160,27,4單2雙,0,0
337,106094,2017/11/10(星期五),10152426293512,139,23,3單3雙,0,0
338,106093,2017/11/7(星期二),05061222304841,123,21,1單5雙,392766964,1
339,106092,2017/11/3(星期五),08202333364302,163,27,3單3雙,0,0
340,106091,2017/10/31(星期二),04253136394602,181,30,3單3雙,0,0
341,106090,2017/10/27(星期五),02111722384041,130,22,2單4雙,0,0
342,106089,2017/10/24(星期二),02030514162932,69,12,3單3雙,0,0
343,106088,2017/10/20(星期五),03081819264217,116,19,2單4雙,0,0
344,106087,2017/10/17(星期二),01030611192705,67,11,5單1雙,0,0
345,106086,2017/10/13(星期五),05082334444616,160,27,2單4雙,0,0
346,106085,2017/10/10(星期二),06282930313933,163,27,3單3雙,0,0
347,106084,2017/10/6(星期五),04283237414547,187,31,3單3雙,0,0
348,106083,2017/10/3(星期二),15182530334438,165,28,3單3雙,0,0
349,106082,2017/9/29(星期五),03141621333620,123,21,3單3雙,0,0
350,106081,2017/9/26(星期二),10111419223842,114,19,2單4雙,0,0
351,106080,2017/9/22(星期五),18353943474944,231,39,5單1雙,0,0
352,106079,2017/9/19(星期二),02121518374039,124,21,2單4雙,0,0
353,106078,2017/9/15(星期五),03081116333735,108,18,4單2雙,100000000,1
354,106077,2017/9/12(星期二),07232936454914,189,32,5單1雙,0,0
355,106076,2017/9/8(星期五),08131519294225,126,21,4單2雙,0,0
356,106075,2017/9/5(星期二),13172327334102,154,26,6單0雙,267468055,1
357,106074,2017/9/1(星期五),05111416364046,122,20,2單4雙,0,0
358,106073,2017/8/29(星期二),05182531484944,176,29,4單2雙,0,0
359,106072,2017/8/25(星期五),01041924283149,107,18,3單3雙,0,0
360,106071,2017/8/22(星期二),04101336444505,152,25,2單4雙,0,0
361,106070,2017/8/18(星期五),07101235384723,149,25,3單3雙,0,0
362,106069,2017/8/15(星期二),13162728334211,159,27,3單3雙,0,0
363,106068,2017/8/11(星期五),02080918273733,101,17,3單3雙,0,0
364,106067,2017/8/8(星期二),06092327344620,145,24,3單3雙,0,0
365,106066,2017/8/4(星期五),15162627394537,168,28,4單2雙,0,0
366,106065,2017/8/1(星期二),02122130424731,154,26,2單4雙,0,0
367,106064,2017/7/28(星期五),11131822383903,141,24,3單3雙,0,0
368,106063,2017/7/25(星期二),02112330334207,141,24,3單3雙,0,0
369,106062,2017/7/21(星期五),02122432424729,159,27,1單5雙,50000000,2
370,106061,2017/7/18(星期二),13142129424811,167,28,3單3雙,0,0
371,106060,2017/7/14(星期五),16181925263222,136,23,2單4雙,0,0
372,106059,2017/7/11(星期二),06161923333907,136,23,4單2雙,100000000,1
373,106058,2017/7/7(星期五),18304042444908,223,37,1單5雙,0,0
374,106057,2017/7/4(星期二),04212728303542,145,24,3單3雙,0,0
375,106056,2017/6/30(星期五),08122230323606,140,23,0單6雙,0,0
376,106055,2017/6/27(星期二),11333446474938,220,37,4單2雙,174599083,1
377,106054,2017/6/23(星期五),02081234414207,139,23,1單5雙,0,0
378,106053,2017/6/20(星期二),01122930334419,149,25,3單3雙,0,0
379,106052,2017/6/16(星期五),01152126364510,144,24,4單2雙,0,0
380,106051,2017/6/13(星期二),02041722364340,124,21,2單4雙,0,0
381,106050,2017/6/9(星期五),24263132374601,196,33,2單4雙,0,0
382,106049,2017/6/6(星期二),14162532364812,171,29,1單5雙,0,0
383,106048,2017/6/2(星期五),03070823303132,102,17,4單2雙,0,0
384,106047,2017/5/30(星期二),07141930313940,140,23,4單2雙,347897340,1
385,106046,2017/5/26(星期五),08141619213520,113,19,3單3雙,0,0
386,106045,2017/5/23(星期二),02101522263242,107,18,1單5雙,0,0
387,106044,2017/5/19(星期五),15162123284614,149,25,3單3雙,0,0
388,106043,2017/5/16(星期二),05060714294624,107,18,3單3雙,0,0
389,106042,2017/5/12(星期五),02091822253514,111,19,3單3雙,0,0
390,106041,2017/5/9(星期二),16172021324015,146,24,2單4雙,0,0
391,106040,2017/5/5(星期五),01091819344911,130,22,4單2雙,0,0
392,106039,2017/5/2(星期二),14232427363913,163,27,3單3雙,0,0
393,106038,2017/4/28(星期五),01031931324243,128,21,4單2雙,0,0
394,106037,2017/4/25(星期二),16173032354126,171,29,3單3雙,0,0
395,106036,2017/4/21(星期五),05152223283925,132,22,4單2雙,0,0
396,106035,2017/4/18(星期二),14212535363918,170,28,4單2雙,0,0
397,106034,2017/4/14(星期五),02030423294214,103,17,3單3雙,0,0
398,106033,2017/4/11(星期二),09223136404708,185,31,3單3雙,0,0
399,106032,2017/4/7(星期五),19233132374926,191,32,5單1雙,153655360,1
400,106031,2017/4/4(星期二),05173334434404,176,29,4單2雙,0,0
401,106030,2017/3/31(星期五),17182224253839,144,24,2單4雙,0,0
402,106029,2017/3/28(星期二),21223237424438,198,33,2單4雙,0,0
403,106028,2017/3/24(星期五),24363941454922,234,39,4單2雙,0,0
404,106027,2017/3/21(星期二),08162732434407,170,28,2單4雙,0,0
405,106026,2017/3/17(星期五),04172536404408,166,28,2單4雙,0,0
406,106025,2017/3/14(星期二),15172032333921,156,26,4單2雙,214282376,1
407,106024,2017/3/10(星期五),11122135414801,168,28,4單2雙,0,0
408,106023,2017/3/7(星期二),06122231414402,156,26,2單4雙,0,0
409,106022,2017/3/3(星期五),02162037434810,166,28,2單4雙,0,0
410,106021,2017/2/28(星期二),06141519304331,127,21,3單3雙,0,0
411,106020,2017/2/24(星期五),12163538414701,189,32,3單3雙,0,0
412,106019,2017/2/21(星期二),08101532394843,152,25,2單4雙,0,0
413,106018,2017/2/17(星期五),06162123464939,161,27,3單3雙,0,0
414,106017,2017/2/14(星期二),10112123283724,130,22,4單2雙,0,0
415,106016,2017/2/10(星期五),07111215242606,95,16,3單3雙,100000000,1
416,106015,2017/2/7(星期二),06181923324921,147,25,3單3雙,100000000,1
417,106014,2017/2/3(星期五),02112529303320,130,22,4單2雙,50000000,2
418,106013,2017/2/1(星期三),04091132434744,146,24,4單2雙,233460969,1
419,106012,2017/1/31(星期二),04111628334617,138,23,2單4雙,0,0
420,106011,2017/1/30(星期一),10192629434520,172,29,4單2雙,0,0
421,106010,2017/1/29(星期日),03080912142246,68,11,2單4雙,33333333,3
422,106009,2017/1/28(星期六),01192025303202,127,21,3單3雙,100000000,1
423,106008,2017/1/27(星期五),01050731354942,128,21,6單0雙,217869179,1
424,106007,2017/1/24(星期二),01091731334849,139,23,5單1雙,0,0
425,106006,2017/1/20(星期五),01051618314113,112,19,4單2雙,0,0
426,106005,2017/1/17(星期二),04121728344007,135,23,1單5雙,0,0
427,106004,2017/1/13(星期五),14192125273822,144,24,4單2雙,0,0
428,106003,2017/1/10(星期二),04131437394631,153,26,3單3雙,0,0
429,106002,2017/1/6(星期五),12143235404317,176,29,2單4雙,214873536,1
430,106001,2017/1/3(星期二),18224142474945,219,37,3單3雙,0,0
431,105111,2016/12/30(星期五),06073537384712,170,28,4單2雙,0,0
432,105110,2016/12/27(星期二),10252629314002,161,27,3單3雙,0,0
433,105109,2016/12/23(星期五),08232838414230,180,30,2單4雙,0,0
434,105108,2016/12/20(星期二),01293536444606,191,32,3單3雙,0,0
435,105107,2016/12/16(星期五),11192534364208,167,28,3單3雙,0,0
436,105106,2016/12/13(星期二),19293336394906,205,34,5單1雙,0,0
437,105105,2016/12/9(星期五),12283842444902,213,36,1單5雙,0,0
438,105104,2016/12/6(星期二),27303241444642,220,37,2單4雙,0,0
439,105103,2016/12/2(星期五),05252634404947,179,30,3單3雙,100000000,1
440,105102,2016/11/29(星期二),03212628384042,156,26,2單4雙,0,0
441,105101,2016/11/25(星期五),01032228374210,133,22,3單3雙,0,0
442,105100,2016/11/22(星期二),01212425344419,149,25,3單3雙,0,0
443,105099,2016/11/18(星期五),06182425263419,133,22,1單5雙,100000000,1
444,105098,2016/11/15(星期二),07082533414306,157,26,5單1雙,0,0
445,105097,2016/11/11(星期五),02070822283220,99,17,1單5雙,100000000,1
446,105096,2016/11/8(星期二),03061117224944,108,18,4單2雙,0,0
447,105095,2016/11/4(星期五),02031728384921,137,23,3單3雙,0,0
448,105094,2016/11/1(星期二),10111520314944,136,23,4單2雙,0,0
449,105093,2016/10/28(星期五),01101333373840,132,22,4單2雙,116077893,1
450,105092,2016/10/25(星期二),05152527333443,139,23,5單1雙,0,0
451,105091,2016/10/21(星期五),02082132333715,133,22,3單3雙,0,0
452,105090,2016/10/18(星期二),14151624444721,160,27,2單4雙,0,0
453,105089,2016/10/14(星期五),10232930444707,183,31,3單3雙,0,0
454,105088,2016/10/11(星期二),02081314373938,113,19,3單3雙,397533937,2
455,105087,2016/10/7(星期五),10163033374243,168,28,2單4雙,0,0
456,105086,2016/10/4(星期二),11233035404407,183,31,3單3雙,0,0
457,105085,2016/9/30(星期五),04103138404805,171,29,1單5雙,0,0
458,105084,2016/9/27(星期二),14151635464802,174,29,2單4雙,0,0
459,105083,2016/9/23(星期五),01022931334340,139,23,5單1雙,0,0
460,105082,2016/9/20(星期二),04071722444532,139,23,3單3雙,0,0
461,105081,2016/9/16(星期五),17233031344936,184,31,4單2雙,0,0
462,105080,2016/9/13(星期二),03162233404139,155,26,3單3雙,0,0
463,105079,2016/9/9(星期五),01123536414421,169,28,3單3雙,0,0
464,105078,2016/9/6(星期二),04072023284535,127,21,3單3雙,0,0
465,105077,2016/9/2(星期五),09112021454642,152,25,4單2雙,0,0
466,105076,2016/8/30(星期二),01111827364626,139,23,3單3雙,0,0
467,105075,2016/8/26(星期五),09283441424906,203,34,3單3雙,0,0
468,105074,2016/8/23(星期二),25263738444831,218,36,2單4雙,0,0
469,105073,2016/8/19(星期五),05192644464836,188,31,2單4雙,0,0
470,105072,2016/8/16(星期二),05141520272935,110,18,4單2雙,0,0
471,105071,2016/8/12(星期五),08203335424310,181,30,3單3雙,0,0
472,105070,2016/8/9(星期二),15173035374541,179,30,5單1雙,0,0
473,105069,2016/8/5(星期五),01022227354033,127,21,3單3雙,271720432,1
474,105068,2016/8/2(星期二),04152022282901,118,20,2單4雙,0,0
475,105067,2016/7/29(星期五),09152728304113,150,25,4單2雙,0,0
476,105066,2016/7/26(星期二),09151922354137,141,24,5單1雙,0,0
477,105065,2016/7/22(星期五),02101727334915,138,23,4單2雙,0,0
478,105064,2016/7/19(星期二),07133340454639,184,31,4單2雙,0,0
479,105063,2016/7/15(星期五),24252933353849,184,31,4單2雙,0,0
480,105062,2016/7/12(星期二),25313442434605,221,37,3單3雙,0,0
481,105061,2016/7/8(星期五),09101319233538,109,18,5單1雙,0,0
482,105060,2016/7/5(星期二),06091517404724,134,22,4單2雙,0,0
483,105059,2016/7/1(星期五),08202434414332,170,28,2單4雙,0,0
484,105058,2016/6/28(星期二),07082539454638,170,28,4單2雙,0,0
485,105057,2016/6/24(星期五),14172728394118,166,28,4單2雙,0,0
486,105056,2016/6/21(星期二),02273435364926,183,31,3單3雙,0,0
487,105055,2016/6/17(星期五),07101720213149,106,18,4單2雙,170123753,1
488,105054,2016/6/14(星期二),12131633353718,146,24,4單2雙,0,0
489,105053,2016/6/10(星期五),04131522234803,125,21,3單3雙,0,0
490,105052,2016/6/7(星期二),05082331394419,150,25,4單2雙,0,0
491,105051,2016/6/3(星期五),03102733414407,158,26,4單2雙,0,0
492,105050,2016/5/31(星期二),01020532454643,131,22,3單3雙,0,0
493,105049,2016/5/27(星期五),02091316243941,103,17,3單3雙,0,0
494,105048,2016/5/24(星期二),06081321333945,120,20,4單2雙,130779518,1
495,105047,2016/5/20(星期五),05102530404326,153,26,3單3雙,0,0
496,105046,2016/5/17(星期二),02032023344240,124,21,2單4雙,0,0
497,105045,2016/5/13(星期五),03102231353837,139,23,3單3雙,0,0
498,105044,2016/5/10(星期二),03040822363807,111,19,1單5雙,0,0
499,105043,2016/5/6(星期五),01263739424841,193,32,3單3雙,0,0
500,105042,2016/5/3(星期二),01071740414333,149,25,5單1雙,0,0
501,105041,2016/4/29(星期五),08142731364003,156,26,2單4雙,100000000,1
502,105040,2016/4/26(星期二),06122125344328,141,24,3單3雙,0,0
503,105039,2016/4/22(星期五),12192333464829,181,30,3單3雙,0,0
504,105038,2016/4/19(星期二),12213941464714,206,34,4單2雙,0,0
505,105037,2016/4/15(星期五),09131728454703,159,27,5單1雙,100000000,1
506,105036,2016/4/12(星期二),11141939454923,177,30,5單1雙,0,0
507,105035,2016/4/8(星期五),02071330364543,133,22,3單3雙,0,0
508,105034,2016/4/5(星期二),14232632384303,176,29,2單4雙,100000000,1
509,105033,2016/4/1(星期五),08121629373940,141,24,3單3雙,0,0
510,105032,2016/3/29(星期二),01171834464725,163,27,3單3雙,0,0
511,105031,2016/3/25(星期五),07112237404120,158,26,4單2雙,0,0
512,105030,2016/3/22(星期二),07111620303306,117,20,3單3雙,106842386,2
513,105029,2016/3/18(星期五),01030418254713,98,16,4單2雙,0,0
514,105028,2016/3/15(星期二),06143042474818,187,31,1單5雙,0,0
515,105027,2016/3/11(星期五),09163034364931,174,29,2單4雙,0,0
516,105026,2016/3/8(星期二),03273035394132,175,29,5單1雙,0,0
517,105025,2016/3/4(星期五),05071217222904,92,15,4單2雙,0,0
518,105024,2016/3/1(星期二),07141722233412,117,20,3單3雙,0,0
519,105023,2016/2/26(星期五),03091721414627,137,23,5單1雙,0,0
520,105022,2016/2/23(星期二),10141920434522,151,25,3單3雙,0,0
521,105021,2016/2/19(星期五),11202330394449,167,28,3單3雙,0,0
522,105020,2016/2/16(星期二),11232933344006,170,28,4單2雙,132025917,1
523,105019,2016/2/14(星期日),01031620212622,87,15,3單3雙,155977112,1
524,105018,2016/2/13(星期六),04061829354820,140,23,2單4雙,0,0
525,105017,2016/2/12(星期五),06101122324504,126,21,2單4雙,0,0
526,105016,2016/2/11(星期四),03132930344828,157,26,3單3雙,110178481,1
527,105015,2016/2/10(星期三),18192232444709,182,30,2單4雙,0,0
528,105014,2016/2/9(星期二),09242531374512,171,29,5單1雙,122101338,1
529,105013,2016/2/8(星期一),08121316273224,108,18,2單4雙,0,0
530,105012,2016/2/7(星期日),04112125353743,133,22,5單1雙,252910675,1
531,105011,2016/2/5(星期五),04052630384128,144,24,2單4雙,0,0
532,105010,2016/2/2(星期二),15212326434834,176,29,4單2雙,0,0
533,105009,2016/1/29(星期五),16353844454827,226,38,2單4雙,0,0
534,105008,2016/1/26(星期二),11131735394602,161,27,5單1雙,0,0
535,105007,2016/1/22(星期五),10151720434637,151,25,3單3雙,0,0
536,105006,2016/1/19(星期二),04091423444641,140,23,2單4雙,0,0
537,105005,2016/1/15(星期五),06111617274235,119,20,3單3雙,0,0
538,105004,2016/1/12(星期二),05151839404437,161,27,3單3雙,0,0
539,105003,2016/1/8(星期五),03101328444801,146,24,2單4雙,0,0
540,105002,2016/1/5(星期二),01030715253321,84,14,6單0雙,100000000,1
541,105001,2016/1/1(星期五),16192429414332,172,29,4單2雙,0,0
542,104109,2015/12/29(星期二),01081330324211,126,21,2單4雙,0,0
543,104108,2015/12/25(星期五),03071112163013,79,13,3單3雙,0,0
544,104107,2015/12/22(星期二),08121329374943,148,25,4單2雙,100000000,1
545,104106,2015/12/18(星期五),05061115182531,80,13,4單2雙,0,0
546,104105,2015/12/15(星期二),04111822233119,109,18,3單3雙,0,0
547,104104,2015/12/11(星期五),01042529424311,144,24,4單2雙,0,0
548,104103,2015/12/8(星期二),08153236404303,174,29,2單4雙,100000000,1
549,104102,2015/12/4(星期五),16213437414729,196,33,4單2雙,0,0
550,104101,2015/12/1(星期二),06131519374122,131,22,5單1雙,0,0
551,104100,2015/11/27(星期五),04052325404111,138,23,4單2雙,0,0
552,104099,2015/11/24(星期二),01091328294845,128,21,4單2雙,50000000,2
553,104098,2015/11/20(星期五),04091039404208,144,24,2單4雙,0,0
554,104097,2015/11/17(星期二),02072631444736,157,26,3單3雙,0,0
555,104096,2015/11/13(星期五),01111618313319,110,18,4單2雙,225781061,1
556,104095,2015/11/10(星期二),07101127284521,128,21,4單2雙,0,0
557,104094,2015/11/6(星期五),08242730454942,183,31,3單3雙,0,0
558,104093,2015/11/3(星期二),08162228454813,167,28,1單5雙,0,0
559,104092,2015/10/30(星期五),03060815203040,82,14,2單4雙,0,0
560,104091,2015/10/27(星期二),07081017343643,112,19,2單4雙,0,0
561,104090,2015/10/23(星期五),01164143464725,194,32,4單2雙,0,0
562,104089,2015/10/20(星期二),12173237383927,175,29,3單3雙,0,0
563,104088,2015/10/16(星期五),20252931404421,189,32,3單3雙,0,0
564,104087,2015/10/13(星期二),24293132444939,209,35,3單3雙,0,0
565,104086,2015/10/9(星期五),02082227354324,137,23,3單3雙,0,0
566,104085,2015/10/6(星期二),03081028384713,134,22,2單4雙,100000000,1
567,104084,2015/10/2(星期五),11153641444535,192,32,4單2雙,0,0
568,104083,2015/9/29(星期二),01032531354415,139,23,5單1雙,100000000,1
569,104082,2015/9/25(星期五),09132125383902,145,24,5單1雙,138115453,3
570,104081,2015/9/22(星期二),06103944464730,192,32,2單4雙,0,0
571,104080,2015/9/18(星期五),06161736374128,153,26,3單3雙,0,0
572,104079,2015/9/15(星期二),02133031344439,154,26,2單4雙,0,0
573,104078,2015/9/11(星期五),05101829414430,147,25,3單3雙,0,0
574,104077,2015/9/8(星期二),08283132364309,178,30,2單4雙,0,0
575,104076,2015/9/4(星期五),19204446474909,225,38,3單3雙,0,0
576,104075,2015/9/1(星期二),09181920404803,154,26,2單4雙,0,0
577,104074,2015/8/28(星期五),08111215404616,132,22,2單4雙,0,0
578,104073,2015/8/25(星期二),13152226454749,168,28,4單2雙,0,0
579,104072,2015/8/21(星期五),10152021273645,129,22,3單3雙,0,0
580,104071,2015/8/18(星期二),08202930424921,178,30,2單4雙,0,0
581,104070,2015/8/14(星期五),05131423244235,121,20,3單3雙,0,0
582,104069,2015/8/11(星期二),01023543454614,172,29,4單2雙,100000000,1
583,104068,2015/8/7(星期五),25262728363738,179,30,3單3雙,0,0
584,104067,2015/8/4(星期二),03121719384843,137,23,3單3雙,0,0
585,104066,2015/7/31(星期五),13161830324029,149,25,1單5雙,312162640,1
586,104065,2015/7/28(星期二),06152732444916,173,29,3單3雙,0,0
587,104064,2015/7/24(星期五),10122533394229,161,27,3單3雙,0,0
588,104063,2015/7/21(星期二),08091639404428,156,26,2單4雙,0,0
589,104062,2015/7/17(星期五),04072027334038,131,22,3單3雙,0,0
590,104061,2015/7/14(星期二),10121419304541,130,22,2單4雙,0,0
591,104060,2015/7/10(星期五),05061326294733,126,21,4單2雙,0,0
592,104059,2015/7/7(星期二),01142733424641,163,27,3單3雙,0,0
593,104058,2015/7/3(星期五),21232829414624,188,31,4單2雙,0,0
594,104057,2015/6/30(星期二),18193235464847,198,33,2單4雙,0,0
595,104056,2015/6/26(星期五),05061228294107,121,20,3單3雙,0,0
596,104055,2015/6/23(星期二),02133335434505,171,29,5單1雙,0,0
597,104054,2015/6/19(星期五),03051118253815,100,17,4單2雙,0,0
598,104053,2015/6/16(星期二),03042535414507,153,26,5單1雙,190720037,1
599,104052,2015/6/12(星期五),08192224262818,127,21,1單5雙,0,0
600,104051,2015/6/9(星期二),03202734374412,165,28,3單3雙,0,0
601,104050,2015/6/5(星期五),08213235414834,185,31,3單3雙,0,0
602,104049,2015/6/2(星期二),01071920464713,140,23,4單2雙,491586006,1
603,104048,2015/5/29(星期五),02051128323424,112,19,2單4雙,0,0
604,104047,2015/5/26(星期二),02101120264530,114,19,2單4雙,0,0
605,104046,2015/5/22(星期五),03212328374305,155,26,5單1雙,0,0
606,104045,2015/5/19(星期二),15162939424614,187,31,3單3雙,0,0
607,104044,2015/5/15(星期五),03061827293240,115,19,3單3雙,0,0
608,104043,2015/5/12(星期二),01132329313317,130,22,6單0雙,0,0
609,104042,2015/5/8(星期五),02101528444939,148,25,2單4雙,0,0
610,104041,2015/5/5(星期二),08284142444930,212,35,2單4雙,0,0
611,104040,2015/5/1(星期五),08152529474909,173,29,5單1雙,0,0
612,104039,2015/4/28(星期二),03051226364423,126,21,2單4雙,0,0
613,104038,2015/4/24(星期五),13253135414649,191,32,5單1雙,0,0
614,104037,2015/4/21(星期二),01031122293330,99,17,5單1雙,0,0
615,104036,2015/4/17(星期五),26323336454739,219,37,3單3雙,0,0
616,104035,2015/4/14(星期二),01222338484911,181,30,3單3雙,0,0
617,104034,2015/4/10(星期五),10111720424413,144,24,2單4雙,0,0
618,104033,2015/4/7(星期二),11171933454704,172,29,6單0雙,0,0
619,104032,2015/4/3(星期五),13323640424341,206,34,2單4雙,100000000,1
620,104031,2015/3/31(星期二),02041325324315,119,20,3單3雙,0,0
621,104030,2015/3/27(星期五),12131518243639,118,20,2單4雙,0,0
622,104029,2015/3/24(星期二),03040609172428,63,11,3單3雙,459610909,1
623,104028,2015/3/20(星期五),04070913294608,108,18,4單2雙,0,0
624,104027,2015/3/17(星期二),05323640424901,204,34,2單4雙,0,0
625,104026,2015/3/13(星期五),06091416223311,100,17,2單4雙,0,0
626,104025,2015/3/10(星期二),03112534464742,166,28,4單2雙,0,0
627,104024,2015/3/6(星期五),06212235374429,165,28,3單3雙,0,0
628,104023,2015/3/3(星期二),04061141434621,151,25,3單3雙,0,0
629,104022,2015/2/27(星期五),02062734384345,150,25,2單4雙,0,0
630,104021,2015/2/24(星期二),03283941464809,205,34,3單3雙,0,0
631,104020,2015/2/23(星期一),14202132384323,168,28,2單4雙,100000000,1
632,104019,2015/2/22(星期日),03061234374328,135,23,3單3雙,117293852,1
633,104018,2015/2/21(星期六),02051117274020,102,17,4單2雙,0,0
634,104017,2015/2/20(星期五),05091028294541,126,21,4單2雙,141247901,3
635,104016,2015/2/19(星期四),07252731404911,179,30,5單1雙,0,0
636,104015,2015/2/18(星期三),03061516273114,98,16,4單2雙,0,0
637,104014,2015/2/17(星期二),03111523404613,138,23,4單2雙,0,0
638,104013,2015/2/13(星期五),01091525293538,114,19,6單0雙,0,0
639,104012,2015/2/10(星期二),14152629354409,169,28,3單3雙,0,0
640,104011,2015/2/6(星期五),05112936424648,169,28,3單3雙,206591119,1
641,104010,2015/2/3(星期二),05131516183008,97,16,3單3雙,0,0
642,104009,2015/1/30(星期五),03142435394428,159,27,3單3雙,0,0
643,104008,2015/1/27(星期二),04091521274506,121,20,5單1雙,0,0
644,104007,2015/1/23(星期五),08162038394229,163,27,1單5雙,0,0
645,104006,2015/1/20(星期二),09242835454748,188,31,4單2雙,0,0
646,104005,2015/1/16(星期五),02172832384649,163,27,1單5雙,0,0
647,104004,2015/1/13(星期二),02141622374649,137,23,1單5雙,0,0
648,104003,2015/1/9(星期五),07081821232411,101,17,3單3雙,323240264,1
649,104002,2015/1/6(星期二),11162930374313,166,28,4單2雙,0,0
650,104001,2015/1/2(星期五),13222329314806,166,28,4單2雙,0,0
651,103108,2014/12/30(星期二),07303244484945,210,35,2單4雙,0,0
652,103107,2014/12/26(星期五),09273242454930,204,34,4單2雙,0,0
653,103106,2014/12/23(星期二),03273031323935,162,27,4單2雙,0,0
654,103105,2014/12/19(星期五),01092432414940,156,26,4單2雙,0,0
655,103104,2014/12/16(星期二),17283234354508,191,32,3單3雙,0,0
656,103103,2014/12/12(星期五),07082429324837,148,25,2單4雙,0,0
657,103102,2014/12/9(星期二),07092333414324,156,26,6單0雙,0,0
658,103101,2014/12/5(星期五),11183034374717,177,30,3單3雙,0,0
659,103100,2014/12/2(星期二),09111323264247,124,21,4單2雙,100000000,1
660,103099,2014/11/28(星期五),01102135404436,151,25,3單3雙,0,0
661,103098,2014/11/25(星期二),01151632444840,156,26,2單4雙,138362345,2
662,103097,2014/11/21(星期五),02032226323440,119,20,1單5雙,0,0
663,103096,2014/11/18(星期二),11122026284306,140,23,2單4雙,0,0
664,103095,2014/11/14(星期五),15162934414449,179,30,3單3雙,0,0
665,103094,2014/11/11(星期二),05111823364314,136,23,4單2雙,0,0
666,103093,2014/11/7(星期五),11192527404933,171,29,5單1雙,0,0
667,103092,2014/11/4(星期二),03203035384147,167,28,3單3雙,0,0
668,103091,2014/10/31(星期五),02081014274920,110,18,2單4雙,0,0
669,103090,2014/10/28(星期二),05162532374421,159,27,3單3雙,0,0
670,103089,2014/10/24(星期五),01172036374515,156,26,4單2雙,0,0
671,103088,2014/10/21(星期二),14283138424445,197,33,1單5雙,0,0
672,103087,2014/10/17(星期五),02112032333639,134,22,2單4雙,100000000,1
673,103086,2014/10/14(星期二),09101420364708,136,23,2單4雙,0,0
674,103085,2014/10/10(星期五),01111924262833,109,18,3單3雙,100000000,1
675,103084,2014/10/7(星期二),17184041454729,208,35,4單2雙,0,0
676,103083,2014/10/3(星期五),10141924353739,139,23,3單3雙,55512668,2
677,103082,2014/9/30(星期二),18353641474915,226,38,4單2雙,0,0
678,103081,2014/9/26(星期五),08151922293739,130,22,4單2雙,0,0
679,103080,2014/9/23(星期二),02112028323816,131,22,1單5雙,0,0
680,103079,2014/9/19(星期五),02061729323904,125,21,3單3雙,0,0
681,103078,2014/9/16(星期二),07121618194145,113,19,3單3雙,100000000,1
682,103077,2014/9/12(星期五),02232731364915,168,28,4單2雙,0,0
683,103076,2014/9/9(星期二),21232941424914,205,34,5單1雙,234142663,1
684,103075,2014/9/5(星期五),10162527323645,146,24,2單4雙,0,0
685,103074,2014/9/2(星期二),07083639424322,175,29,3單3雙,0,0
686,103073,2014/8/29(星期五),09102123383935,140,23,4單2雙,0,0
687,103072,2014/8/26(星期二),01171923324309,135,23,5單1雙,0,0
688,103071,2014/8/22(星期五),08162330314318,151,25,3單3雙,56080369,2
689,103070,2014/8/19(星期二),06070912141917,67,11,3單3雙,0,0
690,103069,2014/8/15(星期五),18232946474805,211,35,3單3雙,0,0
691,103068,2014/8/12(星期二),04061012344544,111,19,1單5雙,0,0
692,103067,2014/8/8(星期五),26313238424537,214,36,2單4雙,0,0
693,103066,2014/8/5(星期二),04112633404234,156,26,2單4雙,100000000,1
694,103065,2014/8/1(星期五),05082123324518,134,22,4單2雙,0,0
695,103064,2014/7/29(星期二),31323436444746,224,37,2單4雙,100000000,1
696,103063,2014/7/25(星期五),05213032354526,168,28,4單2雙,311008999,1
697,103062,2014/7/22(星期二),03091317284214,112,19,4單2雙,0,0
698,103061,2014/7/18(星期五),01021519213040,88,15,4單2雙,0,0
699,103060,2014/7/15(星期二),07182332344813,162,27,2單4雙,0,0
700,103059,2014/7/11(星期五),01071415183033,85,14,3單3雙,0,0
701,103058,2014/7/8(星期二),10222533394738,176,29,4單2雙,0,0
702,103057,2014/7/4(星期五),03141724274828,133,22,3單3雙,0,0
703,103056,2014/7/1(星期二),06070809214818,99,17,3單3雙,0,0
704,103055,2014/6/27(星期五),13212734353624,166,28,4單2雙,0,0
705,103054,2014/6/24(星期二),01081214404115,116,19,2單4雙,0,0
706,103053,2014/6/20(星期五),12141633364748,158,26,2單4雙,0,0
707,103052,2014/6/17(星期二),03061820254812,120,20,2單4雙,0,0
708,103051,2014/6/13(星期五),04212832374216,164,27,2單4雙,100267089,1
709,103050,2014/6/10(星期二),03112832333530,142,24,4單2雙,0,0
710,103049,2014/6/6(星期五),25294041474948,231,39,5單1雙,0,0
711,103048,2014/6/3(星期二),16313233354446,191,32,3單3雙,0,0
712,103047,2014/5/30(星期五),09172124303515,136,23,4單2雙,362632865,1
713,103046,2014/5/27(星期二),10192326323916,149,25,3單3雙,0,0
714,103045,2014/5/23(星期五),11172227304615,153,26,3單3雙,0,0
715,103044,2014/5/20(星期二),06133033343538,151,25,3單3雙,0,0
716,103043,2014/5/16(星期五),14313841424529,211,35,3單3雙,0,0
717,103042,2014/5/13(星期二),15202931324423,171,29,3單3雙,0,0
718,103041,2014/5/9(星期五),01111321273703,110,18,6單0雙,57837022,2
719,103040,2014/5/6(星期二),10253539404631,195,33,3單3雙,0,0
720,103039,2014/5/2(星期五),01072325374012,133,22,5單1雙,0,0
721,103038,2014/4/29(星期二),02092730444622,158,26,2單4雙,0,0
722,103037,2014/4/25(星期五),04243435384630,181,30,1單5雙,0,0
723,103036,2014/4/22(星期二),11121518203742,113,19,3單3雙,100000000,1
724,103035,2014/4/18(星期五),08091540444824,164,27,2單4雙,0,0
725,103034,2014/4/15(星期二),05082426354441,142,24,2單4雙,50000000,2
726,103033,2014/4/11(星期五),01030409121715,46,8,4單2雙,100000000,1
727,103032,2014/4/8(星期二),01141727284511,132,22,4單2雙,0,0
728,103031,2014/4/4(星期五),08243537414723,192,32,4單2雙,0,0
729,103030,2014/4/1(星期二),18222930464706,192,32,2單4雙,157172974,1
730,103029,2014/3/28(星期五),09182335364741,168,28,4單2雙,0,0
731,103028,2014/3/25(星期二),19232530424716,186,31,4單2雙,0,0
732,103027,2014/3/21(星期五),08182631464720,176,29,2單4雙,0,0
733,103026,2014/3/18(星期二),12262835394016,180,30,2單4雙,0,0
734,103025,2014/3/14(星期五),02082740414728,165,28,3單3雙,0,0
735,103024,2014/3/11(星期二),13151620404314,147,25,3單3雙,100000000,1
736,103023,2014/3/7(星期五),06182630373816,155,26,1單5雙,100000000,1
737,103022,2014/3/4(星期二),08263537404306,189,32,3單3雙,100000000,1
738,103021,2014/2/28(星期五),13171824283237,132,22,2單4雙,0,0
739,103020,2014/2/25(星期二),03050912134604,88,15,4單2雙,164469923,1
740,103019,2014/2/21(星期五),11122328404809,162,27,2單4雙,0,0
741,103018,2014/2/18(星期二),06192026324735,150,25,2單4雙,0,0
742,103017,2014/2/14(星期五),10192024334801,154,26,2單4雙,0,0
743,103016,2014/2/11(星期二),06152122314441,139,23,3單3雙,0,0
744,103015,2014/2/7(星期五),05111221222825,99,17,3單3雙,242618662,1
745,103014,2014/2/4(星期二),08121932424628,159,27,1單5雙,0,0
746,103013,2014/2/3(星期一),01021617273048,93,16,3單3雙,50000000,2
747,103012,2014/2/2(星期日),03131419244505,118,20,4單2雙,100000000,1
748,103011,2014/2/1(星期六),06091319363727,120,20,4單2雙,224819074,2
749,103010,2014/1/31(星期五),17232738484919,202,34,4單2雙,0,0
750,103009,2014/1/30(星期四),09224445484908,217,36,3單3雙,0,0
751,103008,2014/1/28(星期二),01020507263024,71,12,3單3雙,80491735,2
752,103007,2014/1/24(星期五),01042029414536,140,23,4單2雙,0,0
753,103006,2014/1/21(星期二),12152238434409,174,29,2單4雙,0,0
754,103005,2014/1/17(星期五),13152026293637,139,23,3單3雙,0,0
755,103004,2014/1/14(星期二),02112141454926,169,28,5單1雙,0,0
756,103003,2014/1/10(星期五),07171930323703,142,24,4單2雙,100000000,1
757,103002,2014/1/7(星期二),01072125353639,125,21,5單1雙,0,0
758,103001,2014/1/3(星期五),11182021353708,142,24,4單2雙,0,0
759,102108,2013/12/31(星期二),05272936404235,179,30,3單3雙,233259952,1
760,102107,2013/12/27(星期五),02121631394318,143,24,3單3雙,0,0
761,102106,2013/12/24(星期二),09212433364303,166,28,4單2雙,0,0
762,102105,2013/12/20(星期五),08091417254527,118,20,4單2雙,0,0
763,102104,2013/12/17(星期二),01040914222820,78,13,2單4雙,0,0
764,102103,2013/12/13(星期五),10162628414842,169,28,1單5雙,0,0
765,102102,2013/12/10(星期二),06112734424921,169,28,3單3雙,0,0
766,102101,2013/12/6(星期五),04060810153613,79,13,1單5雙,477166417,1
767,102100,2013/12/3(星期二),08101738444940,166,28,2單4雙,0,0
768,102099,2013/11/29(星期五),02081319303120,103,17,3單3雙,0,0
769,102098,2013/11/26(星期二),01101115202126,78,13,4單2雙,129402566,1
770,102097,2013/11/22(星期五),08091124404733,139,23,3單3雙,0,0
771,102096,2013/11/19(星期二),15163335364621,181,30,3單3雙,0,0
772,102095,2013/11/15(星期五),02041831364308,134,22,2單4雙,0,0
773,102094,2013/11/12(星期二),03122223294633,135,23,3單3雙,0,0
774,102093,2013/11/8(星期五),01032830333934,134,22,4單2雙,100000000,1
775,102092,2013/11/5(星期二),03122729374617,154,26,4單2雙,0,0
776,102091,2013/11/1(星期五),06162631364609,161,27,1單5雙,54415148,4
777,102090,2013/10/29(星期二),01042130394244,137,23,3單3雙,0,0
778,102089,2013/10/25(星期五),03081011353639,103,17,3單3雙,0,0
779,102088,2013/10/22(星期二),07081623323922,125,21,3單3雙,0,0
780,102087,2013/10/18(星期五),09111739404346,159,27,5單1雙,0,0
781,102086,2013/10/15(星期二),08131620222849,107,18,1單5雙,0,0
782,102085,2013/10/11(星期五),02103237464928,176,29,2單4雙,0,0
783,102084,2013/10/8(星期二),04060711263138,85,14,3單3雙,0,0
784,102083,2013/10/4(星期五),07121825284846,138,23,2單4雙,100000000,1
785,102082,2013/10/1(星期二),01041417234641,105,18,3單3雙,100000000,1
786,102081,2013/9/27(星期五),01121819384602,134,22,2單4雙,0,0
787,102080,2013/9/24(星期二),07091523343541,123,21,5單1雙,100000000,1
788,102079,2013/9/20(星期五),06121928394736,151,25,3單3雙,0,0
789,102078,2013/9/17(星期二),01081719404615,131,22,3單3雙,142847676,1
790,102077,2013/9/13(星期五),12162627284506,154,26,2單4雙,135931018,1
791,102076,2013/9/10(星期二),01101434424709,148,25,2單4雙,425439032,1
792,102075,2013/9/6(星期五),06071433364818,144,24,2單4雙,0,0
793,102074,2013/9/3(星期二),11132229394845,162,27,4單2雙,0,0
794,102073,2013/8/30(星期五),02212427364605,156,26,2單4雙,0,0
795,102072,2013/8/27(星期二),05081114153646,89,15,3單3雙,0,0
796,102071,2013/8/23(星期五),05111214313526,108,18,4單2雙,0,0
797,102070,2013/8/20(星期二),05071628314934,136,23,4單2雙,0,0
798,102069,2013/8/16(星期五),04172427294009,141,24,3單3雙,0,0
799,102068,2013/8/13(星期二),12141634374807,161,27,1單5雙,0,0
800,102067,2013/8/9(星期五),03041213243009,86,14,2單4雙,0,0
801,102066,2013/8/6(星期二),01041727324806,129,22,3單3雙,0,0
802,102065,2013/8/2(星期五),07274344454635,212,35,4單2雙,100000000,1
803,102064,2013/7/30(星期二),06151622434548,147,25,3單3雙,0,0
804,102063,2013/7/26(星期五),08172134394544,164,27,4單2雙,0,0
805,102062,2013/7/23(星期二),04172427354939,156,26,4單2雙,235006076,1
806,102061,2013/7/19(星期五),03050915304948,111,19,5單1雙,0,0
807,102060,2013/7/16(星期二),10131629313732,136,23,4單2雙,0,0
808,102059,2013/7/12(星期五),15242934474831,197,33,3單3雙,0,0
809,102058,2013/7/9(星期二),19242829414337,184,31,4單2雙,0,0
810,102057,2013/7/5(星期五),11142839404542,177,30,3單3雙,0,0
811,102056,2013/7/2(星期二),01051821404422,129,22,3單3雙,0,0
812,102055,2013/6/28(星期五),22263142444929,214,36,2單4雙,147104019,2
813,102054,2013/6/25(星期二),07182628343805,151,25,1單5雙,0,0
814,102053,2013/6/21(星期五),10293539414407,198,33,4單2雙,0,0
815,102052,2013/6/18(星期二),04112536414327,160,27,4單2雙,0,0
816,102051,2013/6/14(星期五),04162232354743,156,26,2單4雙,0,0
817,102050,2013/6/11(星期二),16203442464904,207,35,1單5雙,534298417,1
818,102049,2013/6/7(星期五),03142933394822,166,28,4單2雙,0,0
819,102048,2013/6/4(星期二),14193443464742,203,34,3單3雙,0,0
820,102047,2013/5/31(星期五),03061033394437,135,23,3單3雙,0,0
821,102046,2013/5/28(星期二),07101617304323,123,21,3單3雙,0,0
822,102045,2013/5/24(星期五),10272831374134,174,29,4單2雙,0,0
823,102044,2013/5/21(星期二),24293539424948,218,36,4單2雙,0,0
824,102043,2013/5/17(星期五),05101622232431,100,17,2單4雙,0,0
825,102042,2013/5/14(星期二),01060727303921,110,18,4單2雙,0,0
826,102041,2013/5/10(星期五),02172532394334,158,26,4單2雙,193967778,2
827,102040,2013/5/7(星期二),09111425333502,127,21,5單1雙,0,0
828,102039,2013/5/3(星期五),01040822324502,112,19,2單4雙,0,0
829,102038,2013/4/30(星期二),10303237464716,202,34,2單4雙,0,0
830,102037,2013/4/26(星期五),15171930404725,168,28,4單2雙,0,0
831,102036,2013/4/23(星期二),12152931364540,168,28,4單2雙,0,0
832,102035,2013/4/19(星期五),03363740424817,206,34,2單4雙,0,0
833,102034,2013/4/16(星期二),06184043454824,200,33,2單4雙,0,0
834,102033,2013/4/12(星期五),01031822293221,105,18,3單3雙,0,0
835,102032,2013/4/9(星期二),07163545474839,198,33,4單2雙,0,0
836,102031,2013/4/5(星期五),04071317213533,97,16,5單1雙,107481963,1
837,102030,2013/4/2(星期二),11152023263531,130,22,4單2雙,0,0
838,102029,2013/3/29(星期五),02030815244636,98,16,2單4雙,0,0
839,102028,2013/3/26(星期二),01092028394247,139,23,3單3雙,0,0
840,102027,2013/3/22(星期五),05071323243001,102,17,4單2雙,100000000,1
841,102026,2013/3/19(星期二),01122537394018,154,26,4單2雙,100000000,1
842,102025,2013/3/15(星期五),05132337434426,165,28,5單1雙,101722708,1
843,102024,2013/3/12(星期二),16203546474931,213,36,3單3雙,0,0
844,102023,2013/3/8(星期五),12131629444530,159,27,3單3雙,0,0
845,102022,2013/3/5(星期二),05243035363811,168,28,2單4雙,159687009,1
846,102021,2013/3/1(星期五),01263435363707,169,28,3單3雙,0,0
847,102020,2013/2/26(星期二),08152130363917,149,25,3單3雙,0,0
848,102019,2013/2/22(星期五),07091725283536,121,20,5單1雙,0,0
849,102018,2013/2/19(星期二),07232428324008,154,26,2單4雙,414033739,1
850,102017,2013/2/15(星期五),02081730344026,131,22,1單5雙,0,0
851,102016,2013/2/12(星期二),03131924273840,124,21,4單2雙,232625905,2
852,102015,2013/2/11(星期一),06164045464831,201,34,1單5雙,0,0
853,102014,2013/2/10(星期日),09101221313519,118,20,4單2雙,188135337,1
854,102013,2013/2/9(星期六),05111722303410,119,20,3單3雙,135080383,3
855,102012,2013/2/8(星期五),04112226384713,148,25,2單4雙,0,0
856,102011,2013/2/5(星期二),08151925303806,135,23,3單3雙,100000000,1
857,102010,2013/2/1(星期五),01262837394603,177,30,3單3雙,0,0
858,102009,2013/1/29(星期二),03073132344341,150,25,4單2雙,0,0
859,102008,2013/1/25(星期五),02041118484938,132,22,2單4雙,231971588,1
860,102007,2013/1/22(星期二),02142325314748,142,24,4單2雙,0,0
861,102006,2013/1/18(星期五),22273033374624,195,33,3單3雙,0,0
862,102005,2013/1/15(星期二),02083234444614,166,28,0單6雙,0,0
863,102004,2013/1/11(星期五),01102433444837,160,27,2單4雙,0,0
864,102003,2013/1/8(星期二),05061419273331,104,17,4單2雙,0,0
865,102002,2013/1/4(星期五),01072431354721,145,24,5單1雙,0,0
866,102001,2013/1/1(星期二),03042232334921,143,24,3單3雙,38583651,3
867,101104,2012/12/28(星期五),05141828374219,144,24,2單4雙,0,0
868,101103,2012/12/25(星期二),12182532414707,175,29,3單3雙,0,0
869,101102,2012/12/21(星期五),13172225314826,156,26,4單2雙,0,0
870,101101,2012/12/18(星期二),05071015194449,100,17,4單2雙,225640281,1
871,101100,2012/12/14(星期五),08111721284937,134,22,4單2雙,0,0
872,101099,2012/12/11(星期二),05121422384425,135,23,1單5雙,0,0
873,101098,2012/12/7(星期五),08111319232849,102,17,4單2雙,0,0
874,101097,2012/12/4(星期二),02232930414316,168,28,4單2雙,0,0
875,101096,2012/11/30(星期五),05182631374308,160,27,4單2雙,0,0
876,101095,2012/11/27(星期二),05091318193132,95,16,5單1雙,0,0
877,101094,2012/11/23(星期五),02030414184625,87,15,1單5雙,100000000,1
878,101093,2012/11/20(星期二),06202324273416,134,22,2單4雙,0,0
879,101092,2012/11/16(星期五),17183233414212,183,31,3單3雙,150052682,1
880,101091,2012/11/13(星期二),02111422253126,105,18,3單3雙,0,0
881,101090,2012/11/9(星期五),09253137384521,185,31,5單1雙,0,0
882,101089,2012/11/6(星期二),08134142474829,199,33,3單3雙,0,0
883,101088,2012/11/2(星期五),04182436373831,157,26,1單5雙,0,0
884,101087,2012/10/30(星期二),10142025364602,151,25,1單5雙,100000000,1
885,101086,2012/10/26(星期五),01172028324113,139,23,3單3雙,100000000,1
886,101085,2012/10/23(星期二),02071920254643,119,20,3單3雙,0,0
887,101084,2012/10/19(星期五),13252739454911,198,33,6單0雙,0,0
888,101083,2012/10/16(星期二),02032835444536,157,26,3單3雙,100000000,1
889,101082,2012/10/12(星期五),05111230434815,149,25,3單3雙,0,0
890,101081,2012/10/9(星期二),08151830314145,143,24,3單3雙,401520673,2
891,101080,2012/10/5(星期五),09171833444708,168,28,4單2雙,0,0
892,101079,2012/10/2(星期二),01030709284045,88,15,4單2雙,0,0
893,101078,2012/9/28(星期五),04062241424718,162,27,2單4雙,0,0
894,101077,2012/9/25(星期二),18193435454916,200,33,4單2雙,0,0
895,101076,2012/9/21(星期五),22293036374209,196,33,2單4雙,0,0
896,101075,2012/9/18(星期二),12131839444835,174,29,2單4雙,0,0
897,101074,2012/9/14(星期五),20313233373839,191,32,3單3雙,100000000,1
898,101073,2012/9/11(星期二),03042130314815,137,23,3單3雙,0,0
899,101072,2012/9/7(星期五),07171924304431,141,24,3單3雙,473533731,1
900,101071,2012/9/4(星期二),10213236404809,187,31,1單5雙,0,0
901,101070,2012/8/31(星期五),18283134364542,192,32,2單4雙,0,0
902,101069,2012/8/28(星期二),01030630384146,119,20,3單3雙,0,0
903,101068,2012/8/24(星期五),07343542434729,208,35,4單2雙,0,0
904,101067,2012/8/21(星期二),06294044464733,212,35,2單4雙,0,0
905,101066,2012/8/17(星期五),07383943474829,222,37,4單2雙,0,0
906,101065,2012/8/14(星期二),02192731384932,166,28,4單2雙,0,0
907,101064,2012/8/10(星期五),01031424264538,113,19,3單3雙,0,0
908,101063,2012/8/7(星期二),12232829434726,182,30,4單2雙,0,0
909,101062,2012/8/3(星期五),13141827294421,145,24,3單3雙,0,0
910,101061,2012/7/31(星期二),01242833434431,173,29,3單3雙,0,0
911,101060,2012/7/27(星期五),05070922273445,104,17,4單2雙,100000000,1
912,101059,2012/7/24(星期二),05112124373913,137,23,5單1雙,654322934,1
913,101058,2012/7/20(星期五),11142234414427,166,28,2單4雙,0,0
914,101057,2012/7/17(星期二),17192225303731,150,25,4單2雙,0,0
915,101056,2012/7/13(星期五),08152835414611,173,29,3單3雙,0,0
916,101055,2012/7/10(星期二),03162628314145,145,24,3單3雙,0,0
917,101054,2012/7/6(星期五),04111819273124,110,18,4單2雙,0,0
918,101053,2012/7/3(星期二),11182134414947,174,29,4單2雙,0,0
919,101052,2012/6/29(星期五),09113036394526,170,28,4單2雙,0,0
920,101051,2012/6/26(星期二),01060712164149,83,14,3單3雙,0,0
921,101050,2012/6/22(星期五),06242836384408,176,29,0單6雙,350970677,1
922,101049,2012/6/19(星期二),01051719264647,114,19,4單2雙,0,0
923,101048,2012/6/15(星期五),09152338474936,181,30,5單1雙,0,0
924,101047,2012/6/12(星期二),03212933354045,161,27,5單1雙,0,0
925,101046,2012/6/8(星期五),01092445464912,174,29,4單2雙,100000000,1
926,101045,2012/6/5(星期二),11131635404939,164,27,4單2雙,0,0
927,101044,2012/6/1(星期五),04183134394449,170,28,2單4雙,100000000,1
928,101043,2012/5/29(星期二),05223843464913,203,34,3單3雙,0,0
929,101042,2012/5/25(星期五),01172226334011,139,23,3單3雙,158550000,1
930,101041,2012/5/22(星期二),01081318284906,117,20,3單3雙,0,0
931,101040,2012/5/18(星期五),13232531394641,177,30,5單1雙,0,0
932,101039,2012/5/15(星期二),01303544474946,206,34,4單2雙,0,0
933,101038,2012/5/11(星期五),10222930333727,161,27,3單3雙,0,0
934,101037,2012/5/8(星期二),06232425293047,137,23,3單3雙,100000000,1
935,101036,2012/5/4(星期五),04111723313914,125,21,5單1雙,160168019,1
936,101035,2012/5/1(星期二),05072122314304,129,22,5單1雙,0,0
937,101034,2012/4/27(星期五),13222435404537,179,30,3單3雙,0,0
938,101033,2012/4/24(星期二),09141921394711,149,25,5單1雙,0,0
939,101032,2012/4/20(星期五),02032544454831,167,28,3單3雙,0,0
940,101031,2012/4/17(星期二),19232526314310,167,28,5單1雙,315721416,1
941,101030,2012/4/13(星期五),01040920253543,94,16,4單2雙,0,0
942,101029,2012/4/10(星期二),06192731334213,158,26,4單2雙,0,0
943,101028,2012/4/6(星期五),04051436374025,136,23,2單4雙,0,0
944,101027,2012/4/3(星期二),08222339444736,183,31,3單3雙,0,0
945,101026,2012/3/30(星期五),01202128363830,144,24,2單4雙,0,0
946,101025,2012/3/27(星期二),16182327282919,141,24,3單3雙,0,0
947,101024,2012/3/23(星期五),22313637434411,213,36,3單3雙,0,0
948,101023,2012/3/20(星期二),04050713264624,101,17,3單3雙,462144970,1
949,101022,2012/3/16(星期五),26272830314308,185,31,3單3雙,0,0
950,101021,2012/3/13(星期二),06244647484940,220,37,2單4雙,0,0
951,101020,2012/3/9(星期五),10214144454832,209,35,3單3雙,0,0
952,101019,2012/3/6(星期二),02051720254814,117,20,3單3雙,0,0
953,101018,2012/3/2(星期五),02061521314524,120,20,4單2雙,0,0
954,101017,2012/2/28(星期二),02303236434749,190,32,2單4雙,0,0
955,101016,2012/2/24(星期五),02061315174304,96,16,4單2雙,0,0
956,101015,2012/2/21(星期二),02213239424619,182,30,2單4雙,0,0
957,101014,2012/2/17(星期五),14152630384419,167,28,1單5雙,246530153,5
958,101013,2012/2/14(星期二),02111921334540,131,22,5單1雙,0,0
959,101012,2012/2/10(星期五),05161929414337,153,26,5單1雙,0,0
960,101011,2012/2/7(星期二),07222733394113,169,28,5單1雙,0,0
961,101010,2012/2/3(星期五),05082032343517,134,22,2單4雙,0,0
962,101009,2012/1/31(星期二),01111415193342,93,16,5單1雙,0,0
963,101008,2012/1/27(星期五),03202122344044,140,23,2單4雙,0,0
964,101007,2012/1/24(星期二),08212938444520,185,31,3單3雙,127944885,3
965,101006,2012/1/20(星期五),10122230394409,157,26,1單5雙,207466534,2
966,101005,2012/1/17(星期二),04102235424632,159,27,1單5雙,0,0
967,101004,2012/1/13(星期五),22364243464821,237,40,1單5雙,0,0
968,101003,2012/1/10(星期二),03212327454740,166,28,6單0雙,100000000,1
969,101002,2012/1/6(星期五),10142335414619,169,28,3單3雙,643885564,1
970,101001,2012/1/3(星期二),09192634384037,166,28,2單4雙,0,0
971,100104,2011/12/30(星期五),12131528303703,135,23,3單3雙,0,0
972,100103,2011/12/27(星期二),01082324303214,118,20,2單4雙,0,0
973,100102,2011/12/23(星期五),06172731404828,169,28,3單3雙,0,0
974,100101,2011/12/20(星期二),05070926273408,108,18,4單2雙,0,0
975,100100,2011/12/16(星期五),10313536414434,197,33,3單3雙,0,0
976,100099,2011/12/13(星期二),02233036444824,183,31,1單5雙,0,0
977,100098,2011/12/9(星期五),10373839404518,209,35,3單3雙,0,0
978,100097,2011/12/6(星期二),03131418223806,108,18,2單4雙,0,0
979,100096,2011/12/2(星期五),23273137394506,202,34,6單0雙,0,0
980,100095,2011/11/29(星期二),01071114353610,104,17,4單2雙,0,0
981,100094,2011/11/25(星期五),08102730364348,154,26,2單4雙,100000000,1
982,100093,2011/11/22(星期二),16213740414627,201,34,3單3雙,100000000,1
983,100092,2011/11/18(星期五),10111215164519,109,18,3單3雙,0,0
984,100091,2011/11/15(星期二),12192135424640,175,29,3單3雙,201505702,2
985,100090,2011/11/11(星期五),04192029323630,140,23,2單4雙,0,0
986,100089,2011/11/8(星期二),02112235394036,149,25,3單3雙,0,0
987,100088,2011/11/4(星期五),02070814213811,90,15,2單4雙,0,0
988,100087,2011/11/1(星期二),04071314212922,88,15,4單2雙,0,0
989,100086,2011/10/28(星期五),05152427333601,140,23,4單2雙,0,0
990,100085,2011/10/25(星期二),02052428334404,136,23,2單4雙,0,0
991,100084,2011/10/21(星期五),20333435414304,206,34,4單2雙,0,0
992,100083,2011/10/18(星期二),04081932444621,153,26,1單5雙,0,0
993,100082,2011/10/14(星期五),07082123263928,124,21,4單2雙,0,0
994,100081,2011/10/11(星期二),02061833344328,136,23,2單4雙,100000000,1
995,100080,2011/10/7(星期五),01061316303303,99,17,3單3雙,157826444,1
996,100079,2011/10/4(星期二),02081526294903,129,22,3單3雙,0,0
997,100078,2011/9/30(星期五),10112434444831,171,29,1單5雙,0,0
998,100077,2011/9/27(星期二),03092326314241,134,22,4單2雙,0,0
999,100076,2011/9/23(星期五),14162327284440,152,25,2單4雙,0,0
1000,100075,2011/9/20(星期二),02252728343742,153,26,3單3雙,548121702,1
1001,100074,2011/9/16(星期五),15232830364845,180,30,2單4雙,0,0
1002,100073,2011/9/13(星期二),02081138414818,148,25,2單4雙,0,0
1003,100072,2011/9/9(星期五),01081215364710,119,20,3單3雙,0,0
1004,100071,2011/9/6(星期二),02092329384108,142,24,4單2雙,0,0
1005,100070,2011/9/2(星期五),02052224303542,118,20,2單4雙,0,0
1006,100069,2011/8/30(星期二),10122636374834,169,28,1單5雙,451545900,1
1007,100068,2011/8/26(星期五),10313233434530,194,32,4單2雙,0,0
1008,100067,2011/8/23(星期二),05232932364214,167,28,3單3雙,0,0
1009,100066,2011/8/19(星期五),13183032414845,182,30,2單4雙,0,0
1010,100065,2011/8/16(星期二),26303738424332,216,36,2單4雙,0,0
1011,100064,2011/8/12(星期五),02121422404504,135,23,1單5雙,0,0
1012,100063,2011/8/9(星期二),25273338404912,212,35,4單2雙,0,0
1013,100062,2011/8/5(星期五),03202425284930,149,25,3單3雙,0,0
1014,100061,2011/8/2(星期二),17242728424531,183,31,3單3雙,0,0
1015,100060,2011/7/29(星期五),06192837384642,174,29,2單4雙,0,0
1016,100059,2011/7/26(星期二),02081329353614,123,21,3單3雙,100000000,1
1017,100058,2011/7/22(星期五),04050608223842,83,14,1單5雙,100000000,1
1018,100057,2011/7/19(星期二),02172037474936,172,29,4單2雙,0,0
1019,100056,2011/7/15(星期五),17232730434931,189,32,5單1雙,0,0
1020,100055,2011/7/12(星期二),08243135374119,176,29,4單2雙,100000000,1
1021,100054,2011/7/8(星期五),16183537434707,196,33,4單2雙,100000000,1
1022,100053,2011/7/5(星期二),01021518283226,96,16,2單4雙,179404731,1
1023,100052,2011/7/1(星期五),09232531444902,181,30,5單1雙,0,0
1024,100051,2011/6/28(星期二),11131523273304,122,20,6單0雙,0,0
1025,100050,2011/6/24(星期五),11192127383924,155,26,5單1雙,0,0
1026,100049,2011/6/21(星期二),01101340424641,152,25,2單4雙,0,0
1027,100048,2011/6/17(星期五),01021931474836,148,25,4單2雙,0,0
1028,100047,2011/6/14(星期二),05172131334825,155,26,5單1雙,222688461,1
1029,100046,2011/6/10(星期五),06101929374109,142,24,4單2雙,0,0
1030,100045,2011/6/7(星期二),03082227313914,130,22,4單2雙,0,0
1031,100044,2011/6/3(星期五),08121315354630,129,22,3單3雙,206807662,1
1032,100043,2011/5/31(星期二),05091532384312,142,24,4單2雙,0,0
1033,100042,2011/5/27(星期五),05102432434804,162,27,2單4雙,0,0
1034,100041,2011/5/24(星期二),01161924252621,111,19,3單3雙,174282374,1
1035,100040,2011/5/20(星期五),02333442444710,202,34,2單4雙,0,0
1036,100039,2011/5/17(星期二),01031115264828,104,17,4單2雙,0,0
1037,100038,2011/5/13(星期五),16192129364210,163,27,3單3雙,0,0
1038,100037,2011/5/10(星期二),05122535384228,157,26,3單3雙,0,0
1039,100036,2011/5/6(星期五),06222324364403,155,26,1單5雙,0,0
1040,100035,2011/5/3(星期二),10151824284335,138,23,2單4雙,100000000,1
1041,100034,2011/4/29(星期五),01071617222319,86,14,4單2雙,0,0
1042,100033,2011/4/26(星期二),20373940414508,222,37,4單2雙,199534196,1
1043,100032,2011/4/22(星期五),04212226364641,155,26,1單5雙,0,0
1044,100031,2011/4/19(星期二),22353741464724,228,38,4單2雙,0,0
1045,100030,2011/4/15(星期五),15283738424733,207,35,3單3雙,0,0
1046,100029,2011/4/12(星期二),04061424293345,110,18,2單4雙,0,0
1047,100028,2011/4/8(星期五),09102329373844,146,24,4單2雙,0,0
1048,100027,2011/4/5(星期二),08102024282932,119,20,1單5雙,156656054,2
1049,100026,2011/4/1(星期五),14203032354333,174,29,2單4雙,0,0
1050,100025,2011/3/29(星期二),04101218224024,106,18,0單6雙,0,0
1051,100024,2011/3/25(星期五),01183539434802,184,31,4單2雙,0,0
1052,100023,2011/3/22(星期二),06082024364727,141,24,1單5雙,0,0
1053,100022,2011/3/18(星期五),03152330363728,144,24,4單2雙,0,0
1054,100021,2011/3/15(星期二),04192829304110,151,25,3單3雙,0,0
1055,100020,2011/3/11(星期五),05111321224225,114,19,4單2雙,0,0
1056,100019,2011/3/8(星期二),01062425324738,135,23,3單3雙,0,0
1057,100018,2011/3/4(星期五),12161822232741,118,20,2單4雙,100000000,1
1058,100017,2011/3/1(星期二),03081427314823,131,22,3單3雙,0,0
1059,100016,2011/2/25(星期五),02032028364421,133,22,1單5雙,200210830,1
1060,100015,2011/2/22(星期二),13152032353911,154,26,4單2雙,0,0
1061,100014,2011/2/18(星期五),14202326373833,158,26,2單4雙,0,0
1062,100013,2011/2/15(星期二),09121524333518,128,21,4單2雙,0,0
1063,100012,2011/2/11(星期五),03040734364524,129,22,3單3雙,0,0
1064,100011,2011/2/8(星期二),05062331394116,145,24,5單1雙,364499245,5
1065,100010,2011/2/4(星期五),10334142474903,222,37,4單2雙,0,0
1066,100009,2011/2/1(星期二),01061725404215,131,22,3單3雙,0,0
1067,100008,2011/1/28(星期五),03041318244247,104,17,2單4雙,0,0
1068,100007,2011/1/25(星期二),12131721313920,133,22,5單1雙,0,0
1069,100006,2011/1/21(星期五),02323637394303,189,32,3單3雙,0,0
1070,100005,2011/1/18(星期二),15384042464717,228,38,2單4雙,0,0
1071,100004,2011/1/14(星期五),16172032394546,169,28,3單3雙,0,0
1072,100003,2011/1/11(星期二),07101112142041,74,12,2單4雙,0,0
1073,100002,2011/1/7(星期五),11133435474920,189,32,5單1雙,0,0
1074,100001,2011/1/4(星期二),14192335374742,175,29,5單1雙,134061523,1
1075,099105,2010/12/31(星期五),04092736383902,153,26,3單3雙,0,0
1076,099104,2010/12/28(星期二),02131727313618,126,21,4單2雙,0,0
1077,099103,2010/12/24(星期五),16273943484901,222,37,4單2雙,0,0
1078,099102,2010/12/21(星期二),01122335384526,154,26,4單2雙,336120365,1
1079,099101,2010/12/17(星期五),09252830354112,168,28,4單2雙,0,0
1080,099100,2010/12/14(星期二),15161720324108,141,24,3單3雙,0,0
1081,099099,2010/12/10(星期五),01172226293303,128,21,4單2雙,0,0
1082,099098,2010/12/7(星期二),21223037384934,197,33,3單3雙,0,0
1083,099097,2010/12/3(星期五),17233338434819,202,34,4單2雙,0,0
1084,099096,2010/11/30(星期二),07082434363816,147,25,1單5雙,0,0
1085,099095,2010/11/26(星期五),18222335444926,191,32,3單3雙,0,0
1086,099094,2010/11/23(星期二),02032630324841,141,24,1單5雙,0,0
1087,099093,2010/11/19(星期五),03064043444541,181,30,3單3雙,316571526,1
1088,099092,2010/11/16(星期二),02071012154322,89,15,3單3雙,0,0
1089,099091,2010/11/12(星期五),03102336373915,148,25,4單2雙,0,0
1090,099090,2010/11/9(星期二),05072130313649,130,22,4單2雙,0,0
1091,099089,2010/11/5(星期五),05081316284746,117,20,3單3雙,0,0
1092,099088,2010/11/2(星期二),04052134363928,139,23,3單3雙,0,0
1093,099087,2010/10/29(星期五),04131926272833,117,20,3單3雙,0,0
1094,099086,2010/10/26(星期二),03142235434426,161,27,3單3雙,0,0
1095,099085,2010/10/22(星期五),01040813184903,93,16,3單3雙,0,0
1096,099084,2010/10/19(星期二),12212735363708,168,28,4單2雙,156637753,1
1097,099083,2010/10/15(星期五),01112028304610,136,23,2單4雙,0,0
1098,099082,2010/10/12(星期二),08091020314025,118,20,2單4雙,0,0
1099,099081,2010/10/8(星期五),03111439414806,156,26,4單2雙,0,0
1100,099080,2010/10/5(星期二),14162132354349,161,27,3單3雙,0,0
1101,099079,2010/10/1(星期五),08122337384820,166,28,2單4雙,100000000,1
1102,099078,2010/9/28(星期二),03041922324011,120,20,2單4雙,0,0
1103,099077,2010/9/24(星期五),02082936424422,161,27,1單5雙,0,0
1104,099076,2010/9/21(星期二),01223538394508,180,30,4單2雙,163138908,1
1105,099075,2010/9/17(星期五),12132434353914,157,26,3單3雙,0,0
1106,099074,2010/9/14(星期二),01021922264403,114,19,2單4雙,0,0
1107,099073,2010/9/10(星期五),10141841424924,174,29,2單4雙,0,0
1108,099072,2010/9/7(星期二),03040816414322,115,19,3單3雙,0,0
1109,099071,2010/9/3(星期五),05071820384737,135,23,3單3雙,213340787,1
1110,099070,2010/8/31(星期二),04072023314347,128,21,4單2雙,0,0
1111,099069,2010/8/27(星期五),08142730424729,168,28,2單4雙,0,0
1112,099068,2010/8/24(星期二),06083045474829,184,31,2單4雙,0,0
1113,099067,2010/8/20(星期五),08212833384427,172,29,2單4雙,0,0
1114,099066,2010/8/17(星期二),06141819204209,119,20,1單5雙,0,0
1115,099065,2010/8/13(星期五),02132230364809,151,25,1單5雙,389264522,1
1116,099064,2010/8/10(星期二),03242528384011,158,26,2單4雙,0,0
1117,099063,2010/8/6(星期五),10192122284739,147,25,3單3雙,0,0
1118,099062,2010/8/3(星期二),03131525294909,134,22,6單0雙,0,0
1119,099061,2010/7/30(星期五),08111214233645,104,17,2單4雙,0,0
1120,099060,2010/7/27(星期二),03153338444930,182,30,4單2雙,0,0
1121,099059,2010/7/23(星期五),08152242434907,179,30,3單3雙,0,0
1122,099058,2010/7/20(星期二),05222327294347,149,25,5單1雙,0,0
1123,099057,2010/7/16(星期五),16171820324509,148,25,2單4雙,0,0
1124,099056,2010/7/13(星期二),02050815313412,95,16,3單3雙,0,0
1125,099055,2010/7/9(星期五),11242532333523,160,27,4單2雙,192342912,1
1126,099054,2010/7/6(星期二),05112125434831,153,26,5單1雙,0,0
1127,099053,2010/7/2(星期五),07102023324517,137,23,3單3雙,0,0
1128,099052,2010/6/29(星期二),01041118204805,102,17,2單4雙,0,0
1129,099051,2010/6/25(星期五),11242739464720,194,32,4單2雙,0,0
1130,099050,2010/6/22(星期二),09152628364240,156,26,2單4雙,0,0
1131,099049,2010/6/18(星期五),02051520264808,116,19,2單4雙,237211683,1
1132,099048,2010/6/15(星期二),02041720274424,114,19,2單4雙,0,0
1133,099047,2010/6/11(星期五),01202127424326,154,26,4單2雙,0,0
1134,099046,2010/6/8(星期二),08242540424610,185,31,1單5雙,0,0
1135,099045,2010/6/4(星期五),11152728373904,157,26,5單1雙,0,0
1136,099044,2010/6/1(星期二),02051528354001,125,21,3單3雙,0,0
1137,099043,2010/5/28(星期五),03181920264310,129,22,3單3雙,0,0
1138,099042,2010/5/25(星期二),01203032344303,160,27,2單4雙,327308436,1
1139,099041,2010/5/21(星期五),04121627444739,150,25,2單4雙,0,0
1140,099040,2010/5/18(星期二),03061427283305,111,19,3單3雙,0,0
1141,099039,2010/5/14(星期五),03061621284718,121,20,3單3雙,0,0
1142,099038,2010/5/11(星期二),11132933424502,173,29,5單1雙,0,0
1143,099037,2010/5/7(星期五),19232832384920,189,32,3單3雙,0,0
1144,099036,2010/5/4(星期二),04152332343518,143,24,3單3雙,0,0
1145,099035,2010/4/30(星期五),08353637394420,199,33,3單3雙,0,0
1146,099034,2010/4/27(星期二),12141634354843,159,27,1單5雙,0,0
1147,099033,2010/4/23(星期五),03043045474927,178,30,4單2雙,100000000,1
1148,099032,2010/4/20(星期二),02072123324142,126,21,4單2雙,100000000,1
1149,099031,2010/4/16(星期五),01243031344043,160,27,2單4雙,0,0
1150,099030,2010/4/13(星期二),12143442464925,197,33,1單5雙,100000000,1
1151,099029,2010/4/9(星期五),04052936404926,163,27,3單3雙,102205835,1
1152,099028,2010/4/6(星期二),09232728314144,159,27,5單1雙,0,0
1153,099027,2010/4/2(星期五),01061621414812,133,22,3單3雙,0,0
1154,099026,2010/3/30(星期二),16374146474914,236,39,4單2雙,240418706,1
1155,099025,2010/3/26(星期五),09171923353634,139,23,5單1雙,0,0
1156,099024,2010/3/23(星期二),11222835374849,181,30,3單3雙,0,0
1157,099023,2010/3/19(星期五),05081822294947,131,22,3單3雙,0,0
1158,099022,2010/3/16(星期二),26363739414604,225,38,3單3雙,0,0
1159,099021,2010/3/12(星期五),18192331353822,164,27,4單2雙,0,0
1160,099020,2010/3/9(星期二),05071214163604,90,15,2單4雙,50000000,2
1161,099019,2010/3/5(星期五),03152122353804,134,22,4單2雙,82783447,1
1162,099018,2010/3/2(星期二),02030933343845,119,20,3單3雙,0,0
1163,099017,2010/2/26(星期五),05062232344701,146,24,2單4雙,485538047,1
1164,099016,2010/2/23(星期二),05192340454806,180,30,4單2雙,0,0
1165,099015,2010/2/19(星期五),12142730374336,163,27,3單3雙,0,0
1166,099014,2010/2/16(星期二),05262936434912,188,31,4單2雙,0,0
1167,099013,2010/2/12(星期五),01142331324035,141,24,3單3雙,204521541,1
1168,099012,2010/2/9(星期二),09133234354538,168,28,4單2雙,0,0
1169,099011,2010/2/5(星期五),01051419333616,108,18,4單2雙,105064039,1
1170,099010,2010/2/2(星期二),09151821274146,131,22,5單1雙,0,0
1171,099009,2010/1/29(星期五),16182934444908,190,32,2單4雙,0,0
1172,099008,2010/1/26(星期二),25262833394010,191,32,3單3雙,69918365,1
1173,099007,2010/1/22(星期五),03232431324647,159,27,3單3雙,0,0
1174,099006,2010/1/19(星期二),13242532354505,174,29,4單2雙,248856321,1
1175,099005,2010/1/15(星期五),04072641474903,174,29,4單2雙,0,0
1176,099004,2010/1/12(星期二),01233436464818,188,31,2單4雙,0,0
1177,099003,2010/1/8(星期五),01081921434530,137,23,5單1雙,0,0
1178,099002,2010/1/5(星期二),11182432384047,163,27,1單5雙,0,0
1179,099001,2010/1/1(星期五),02162022232746,110,18,2單4雙,0,0
1180,098104,2009/12/29(星期二),12212529424806,177,30,3單3雙,0,0
1181,098103,2009/12/25(星期五),09122230424727,162,27,2單4雙,66398531,1
1182,098102,2009/12/22(星期二),10111424274732,133,22,3單3雙,0,0
1183,098101,2009/12/18(星期五),03163242434506,181,30,3單3雙,67852858,1
1184,098100,2009/12/15(星期二),04353843444837,212,35,2單4雙,0,0
1185,098099,2009/12/11(星期五),12152029364831,160,27,2單4雙,66918962,1
1186,098098,2009/12/8(星期二),04161927323921,137,23,3單3雙,0,0
1187,098097,2009/12/4(星期五),02031319223921,98,16,4單2雙,303206602,1
1188,098096,2009/12/1(星期二),11232729384940,177,30,5單1雙,0,0
1189,098095,2009/11/27(星期五),01050615192614,72,12,4單2雙,0,0
1190,098094,2009/11/24(星期二),02071323274004,112,19,4單2雙,0,0
1191,098093,2009/11/20(星期五),05131520263135,110,18,4單2雙,0,0
1192,098092,2009/11/17(星期二),01040810344946,106,18,2單4雙,0,0
1193,098091,2009/11/13(星期五),13253233384726,188,31,4單2雙,0,0
1194,098090,2009/11/10(星期二),02072225264244,124,21,2單4雙,0,0
1195,098089,2009/11/6(星期五),01021044454622,148,25,2單4雙,206093741,1
1196,098088,2009/11/3(星期二),05132026293430,127,21,3單3雙,0,0
1197,098087,2009/10/30(星期五),04081220373930,120,20,2單4雙,0,0
1198,098086,2009/10/27(星期二),02122832424623,162,27,0單6雙,0,0
1199,098085,2009/10/23(星期五),05061819213410,103,17,3單3雙,0,0
1200,098084,2009/10/20(星期二),01111214414645,125,21,3單3雙,0,0
1201,098083,2009/10/16(星期五),13152029304301,150,25,4單2雙,34351624,2
1202,098082,2009/10/13(星期二),05132840444943,179,30,3單3雙,0,0
1203,098081,2009/10/9(星期五),10141733404112,155,26,3單3雙,567344206,1
1204,098080,2009/10/6(星期二),09141522263316,119,20,3單3雙,0,0
1205,098079,2009/10/2(星期五),09152528303522,142,24,4單2雙,0,0
1206,098078,2009/9/29(星期二),17273237454725,205,34,5單1雙,0,0
1207,098077,2009/9/25(星期五),01091316333704,109,18,5單1雙,0,0
1208,098076,2009/9/22(星期二),03040812214248,90,15,2單4雙,0,0
1209,098075,2009/9/18(星期五),02040809263823,87,15,1單5雙,0,0
1210,098074,2009/9/15(星期二),02042636434830,159,27,1單5雙,154407830,1
1211,098073,2009/9/11(星期五),10161831334807,156,26,2單4雙,0,0
1212,098072,2009/9/8(星期二),08111215192034,85,14,3單3雙,0,0
1213,098071,2009/9/4(星期五),05283136404920,189,32,3單3雙,0,0
1214,098070,2009/9/1(星期二),07081219263609,108,18,2單4雙,0,0
1215,098069,2009/8/28(星期五),12233944454847,211,35,3單3雙,15554484,2
1216,098068,2009/8/25(星期二),01070915213831,91,15,5單1雙,43957332,2
1217,098067,2009/8/21(星期五),11133237424320,178,30,4單2雙,0,0
1218,098066,2009/8/18(星期二),11121831464727,165,28,3單3雙,0,0
1219,098065,2009/8/14(星期五),04081526394934,141,24,3單3雙,28931818,1
1220,098064,2009/8/11(星期二),03242728304642,158,26,2單4雙,284498374,1
1221,098063,2009/8/7(星期五),01021526314943,124,21,4單2雙,0,0
1222,098062,2009/8/4(星期二),02212327444830,165,28,3單3雙,0,0
1223,098061,2009/7/31(星期五),04070910244241,96,16,2單4雙,0,0
1224,098060,2009/7/28(星期二),02101315254904,114,19,4單2雙,0,0
1225,098059,2009/7/24(星期五),01030722404715,120,20,4單2雙,0,0
1226,098058,2009/7/21(星期二),05172728394844,164,27,4單2雙,0,0
1227,098057,2009/7/17(星期五),09111316384206,129,22,3單3雙,0,0
1228,098056,2009/7/14(星期二),04051537414408,146,24,4單2雙,0,0
1229,098055,2009/7/10(星期五),03082126304611,134,22,2單4雙,197421067,1
1230,098054,2009/7/7(星期二),02253137394735,181,30,5單1雙,0,0
1231,098053,2009/7/3(星期五),17193240414737,196,33,4單2雙,0,0
1232,098052,2009/6/30(星期二),04070921263428,101,17,3單3雙,0,0
1233,098051,2009/6/26(星期五),06123338434549,177,30,3單3雙,0,0
1234,098050,2009/6/23(星期二),06212229434948,170,28,4單2雙,0,0
1235,098049,2009/6/19(星期五),02121923404209,138,23,2單4雙,15830071,2
1236,098048,2009/6/16(星期二),03050810253015,81,14,3單3雙,54854831,1
1237,098047,2009/6/12(星期五),12133241434421,185,31,3單3雙,0,0
1238,098046,2009/6/9(星期二),26273536444942,217,36,3單3雙,937684422,1
1239,098045,2009/6/5(星期五),06232742444915,191,32,3單3雙,0,0
1240,098044,2009/6/2(星期二),11122028344641,151,25,1單5雙,0,0
1241,098043,2009/5/29(星期五),21293034364549,195,33,3單3雙,0,0
1242,098042,2009/5/26(星期二),03083339414832,172,29,4單2雙,0,0
1243,098041,2009/5/22(星期五),01021618324015,109,18,1單5雙,0,0
1244,098040,2009/5/19(星期二),11313238464842,206,34,2單4雙,0,0
1245,098039,2009/5/15(星期五),05071415184511,104,17,4單2雙,0,0
1246,098038,2009/5/12(星期二),01032026394430,133,22,3單3雙,0,0
1247,098037,2009/5/8(星期五),03151922243105,114,19,4單2雙,0,0
1248,098036,2009/5/5(星期二),12153742454729,198,33,4單2雙,0,0
1249,098035,2009/5/1(星期五),03052126384332,136,23,4單2雙,497379016,1
1250,098034,2009/4/28(星期二),05182930394326,164,27,4單2雙,0,0
1251,098033,2009/4/24(星期五),13202124424943,169,28,3單3雙,0,0
1252,098032,2009/4/21(星期二),11162327363935,152,25,4單2雙,0,0
1253,098031,2009/4/17(星期五),16182122243834,139,23,1單5雙,0,0
1254,098030,2009/4/14(星期二),02082023454843,146,24,2單4雙,0,0
1255,098029,2009/4/10(星期五),08092536404417,162,27,2單4雙,0,0
1256,098028,2009/4/7(星期二),03122431434642,159,27,3單3雙,0,0
1257,098027,2009/4/3(星期五),06333642444548,206,34,2單4雙,0,0
1258,098026,2009/3/31(星期二),13162325314736,155,26,5單1雙,0,0
1259,098025,2009/3/27(星期五),01021828344025,123,21,1單5雙,0,0
1260,098024,2009/3/24(星期二),02071821252932,102,17,4單2雙,182527274,2
1261,098023,2009/3/20(星期五),02070911183105,78,13,4單2雙,0,0
1262,098022,2009/3/17(星期二),01051823293527,111,19,5單1雙,0,0
1263,098021,2009/3/13(星期五),09243245464733,203,34,3單3雙,0,0
1264,098020,2009/3/10(星期二),09132628363846,150,25,2單4雙,0,0
1265,098019,2009/3/6(星期五),06132126313230,129,22,3單3雙,0,0
1266,098018,2009/3/3(星期二),07142628344509,154,26,2單4雙,0,0
1267,098017,2009/2/27(星期五),13171926343602,145,24,3單3雙,0,0
1268,098016,2009/2/24(星期二),04112325384617,147,25,3單3雙,0,0
1269,098015,2009/2/20(星期五),01132434404937,161,27,3單3雙,37717252,1
1270,098014,2009/2/17(星期二),05162122364328,143,24,3單3雙,36226269,1
1271,098013,2009/2/13(星期五),02030724424510,123,21,3單3雙,172400290,1
1272,098012,2009/2/10(星期二),09121830464842,163,27,1單5雙,0,0
1273,098011,2009/2/6(星期五),04071021273237,101,17,3單3雙,0,0
1274,098010,2009/2/3(星期二),03101423424334,135,23,3單3雙,0,0
1275,098009,2009/1/30(星期五),02051023394148,120,20,4單2雙,401758712,1
1276,098008,2009/1/27(星期二),13142732353848,159,27,3單3雙,0,0
1277,098007,2009/1/23(星期五),10112128384029,148,25,2單4雙,79358846,1
1278,098006,2009/1/20(星期二),07212223404334,156,26,4單2雙,0,0
1279,098005,2009/1/16(星期五),08242526334013,156,26,2單4雙,54736614,2
1280,098004,2009/1/13(星期二),04111833474830,161,27,3單3雙,0,0
1281,098003,2009/1/9(星期五),04152730374519,158,26,4單2雙,0,0
1282,098002,2009/1/6(星期二),04152021293316,122,20,4單2雙,93001317,1
1283,098001,2009/1/2(星期五),02062326353811,130,22,2單4雙,0,0
1284,097105,2008/12/30(星期二),03092526363935,138,23,4單2雙,0,0
1285,097104,2008/12/26(星期五),08151833374032,151,25,3單3雙,338949741,3
1286,097103,2008/12/23(星期二),02072325394522,141,24,5單1雙,0,0
1287,097102,2008/12/19(星期五),03101530384541,141,24,3單3雙,0,0
1288,097101,2008/12/16(星期二),14252635394037,179,30,3單3雙,0,0
1289,097100,2008/12/12(星期五),02283436394224,181,30,1單5雙,0,0
1290,097099,2008/12/9(星期二),01050616264148,95,16,3單3雙,0,0
1291,097098,2008/12/5(星期五),02030831404445,128,21,2單4雙,0,0
1292,097097,2008/12/2(星期二),07212930374936,173,29,5單1雙,0,0
1293,097096,2008/11/28(星期五),01050716174120,87,15,5單1雙,0,0
1294,097095,2008/11/25(星期二),04152639464911,179,30,3單3雙,0,0
1295,097094,2008/11/21(星期五),16172128303709,149,25,3單3雙,376653827,1
1296,097093,2008/11/18(星期二),14172029343907,153,26,3單3雙,0,0
1297,097092,2008/11/14(星期五),07152335364308,159,27,5單1雙,0,0
1298,097091,2008/11/11(星期二),11133334394515,175,29,5單1雙,0,0
1299,097090,2008/11/7(星期五),15253033404618,189,32,3單3雙,0,0
1300,097089,2008/11/4(星期二),11131920324009,135,23,3單3雙,0,0
1301,097088,2008/10/31(星期五),01030911194740,90,15,6單0雙,0,0
1302,097087,2008/10/28(星期二),02071214364135,112,19,2單4雙,506015010,1
1303,097086,2008/10/24(星期五),05060809144903,91,15,3單3雙,0,0
1304,097085,2008/10/21(星期二),02040708183033,69,12,1單5雙,0,0
1305,097084,2008/10/17(星期五),05111519283646,114,19,4單2雙,0,0
1306,097083,2008/10/14(星期二),08283043444612,199,33,1單5雙,0,0
1307,097082,2008/10/10(星期五),13142024414706,159,27,3單3雙,0,0
1308,097081,2008/10/7(星期二),01202829333440,145,24,3單3雙,0,0
1309,097080,2008/10/3(星期五),18193741454809,208,35,4單2雙,0,0
1310,097079,2008/9/30(星期二),01070913222734,79,13,5單1雙,55355498,1
1311,097078,2008/9/26(星期五),15293036414239,193,32,3單3雙,0,0
1312,097077,2008/9/23(星期二),02092022293538,117,20,3單3雙,202193846,1
1313,097076,2008/9/19(星期五),02132328354818,149,25,3單3雙,0,0
1314,097075,2008/9/16(星期二),02253132444607,180,30,2單4雙,0,0
1315,097074,2008/9/12(星期五),01091618343712,115,19,3單3雙,0,0
1316,097073,2008/9/9(星期二),10232728354602,169,28,3單3雙,0,0
1317,097072,2008/9/5(星期五),02031422323324,106,18,2單4雙,0,0
1318,097071,2008/9/2(星期二),02031021253447,95,16,3單3雙,194930313,3
1319,097070,2008/8/29(星期五),02242526284649,151,25,1單5雙,0,0
1320,097069,2008/8/26(星期二),02040618232432,77,13,1單5雙,0,0
1321,097068,2008/8/22(星期五),04050826313710,111,19,3單3雙,0,0
1322,097067,2008/8/19(星期二),02162535394326,160,27,4單2雙,0,0
1323,097066,2008/8/15(星期五),08142324434404,156,26,2單4雙,0,0
1324,097065,2008/8/12(星期二),16222433434945,187,31,3單3雙,0,0
1325,097064,2008/8/8(星期五),08162033354924,161,27,3單3雙,57518402,1
1326,097063,2008/8/5(星期二),05102941444506,174,29,4單2雙,0,0
1327,097062,2008/8/1(星期五),07111822373830,133,22,3單3雙,111811335,1
1328,097061,2008/7/29(星期二),16394142434514,226,38,4單2雙,0,0
1329,097060,2008/7/25(星期五),07192529354301,158,26,6單0雙,0,0
1330,097059,2008/7/22(星期二),01172529303347,135,23,5單1雙,0,0
1331,097058,2008/7/18(星期五),04060915203827,92,15,2單4雙,53697586,1
1332,097057,2008/7/15(星期二),06162136374540,161,27,3單3雙,0,0
1333,097056,2008/7/11(星期五),07212223343611,143,24,3單3雙,74058634,2
1334,097055,2008/7/8(星期二),14233233364203,180,30,2單4雙,0,0
1335,097054,2008/7/4(星期五),06101721434933,146,24,4單2雙,0,0
1336,097053,2008/7/1(星期二),15202435434809,185,31,3單3雙,0,0
1337,097052,2008/6/27(星期五),01020910384131,101,17,3單3雙,0,0
1338,097051,2008/6/24(星期二),02070820334304,113,19,3單3雙,434423337,1
1339,097050,2008/6/20(星期五),03202124283923,135,23,3單3雙,0,0
1340,097049,2008/6/17(星期二),01071532404109,136,23,4單2雙,0,0
1341,097048,2008/6/13(星期五),07082021313906,126,21,4單2雙,0,0
1342,097047,2008/6/10(星期二),14192022343937,148,25,2單4雙,0,0
1343,097046,2008/6/6(星期五),01202231404238,156,26,2單4雙,0,0
1344,097045,2008/6/3(星期二),01202427293104,132,22,4單2雙,0,0
1345,097044,2008/5/30(星期五),08111220324230,125,21,1單5雙,0,0
1346,097043,2008/5/27(星期二),04071524414930,140,23,4單2雙,0,0
1347,097042,2008/5/23(星期五),02101129374413,133,22,3單3雙,0,0
1348,097041,2008/5/20(星期二),08141742454739,173,29,3單3雙,0,0
1349,097040,2008/5/16(星期五),03072122264041,119,20,3單3雙,0,0
1350,097039,2008/5/13(星期二),11313738414718,205,34,5單1雙,59042506,1
1351,097038,2008/5/9(星期五),15172336434821,182,30,4單2雙,0,0
1352,097037,2008/5/6(星期二),09101523464838,151,25,3單3雙,154373579,1
1353,097036,2008/5/2(星期五),11131433394541,155,26,5單1雙,0,0
1354,097035,2008/4/29(星期二),02031132354218,125,21,3單3雙,0,0
1355,097034,2008/4/25(星期五),04152045474834,179,30,3單3雙,0,0
1356,097033,2008/4/22(星期二),10153136444907,185,31,3單3雙,0,0
1357,097032,2008/4/18(星期五),04132535384330,158,26,4單2雙,193172427,1
1358,097031,2008/4/15(星期二),13203233434728,188,31,4單2雙,0,0
1359,097030,2008/4/11(星期五),05062325284243,129,22,3單3雙,0,0
1360,097029,2008/4/8(星期二),11232932373931,171,29,5單1雙,0,0
1361,097028,2008/4/4(星期五),13232830384426,176,29,2單4雙,0,0
1362,097027,2008/4/1(星期二),08162425323312,138,23,2單4雙,0,0
1363,097026,2008/3/28(星期五),01080912192649,75,13,3單3雙,252408245,1
1364,097025,2008/3/25(星期二),02030513334910,105,18,5單1雙,0,0
1365,097024,2008/3/21(星期五),11142732344928,167,28,3單3雙,0,0
1366,097023,2008/3/18(星期二),01092733384931,157,26,5單1雙,0,0
1367,097022,2008/3/14(星期五),03213034444913,181,30,3單3雙,0,0
1368,097021,2008/3/11(星期二),07082130364404,146,24,2單4雙,0,0
1369,097020,2008/3/7(星期五),12252840414229,188,31,2單4雙,0,0
1370,097019,2008/3/4(星期二),01152225384716,148,25,4單2雙,270166420,1
1371,097018,2008/2/29(星期五),01070910182743,72,12,4單2雙,0,0
1372,097017,2008/2/26(星期二),06163337404728,179,30,3單3雙,0,0
1373,097016,2008/2/22(星期五),01030712304322,96,16,4單2雙,0,0
1374,097015,2008/2/19(星期二),16222631394309,177,30,3單3雙,0,0
1375,097014,2008/2/15(星期五),01223141424636,183,31,3單3雙,0,0
1376,097013,2008/2/12(星期二),05121922252729,110,18,4單2雙,113039059,1
1377,097012,2008/2/8(星期五),01030607152739,59,10,5單1雙,0,0
1378,097011,2008/2/5(星期二),17293033354210,186,31,4單2雙,100000000,1
1379,097010,2008/2/1(星期五),01020618203829,85,14,1單5雙,0,0
1380,097009,2008/1/29(星期二),21343841424925,225,38,3單3雙,100000000,1
1381,097008,2008/1/25(星期五),01041520244032,104,17,2單4雙,0,0
1382,097007,2008/1/22(星期二),09131426303705,129,22,3單3雙,36281012,1
1383,097006,2008/1/18(星期五),06081825263613,119,20,1單5雙,176190682,1
1384,097005,2008/1/15(星期二),05081031324111,127,21,3單3雙,0,0
1385,097004,2008/1/11(星期五),03070827374948,131,22,5單1雙,0,0
1386,097003,2008/1/8(星期二),03071217284436,111,19,3單3雙,0,0
1387,097002,2008/1/4(星期五),05132931394033,157,26,5單1雙,86276940,1
1388,097001,2008/1/1(星期二),13182743474821,196,33,4單2雙,0,0
1389,096104,2007/12/28(星期五),10121618222930,107,18,1單5雙,409057095,1
1390,096103,2007/12/25(星期二),05060918313732,106,18,4單2雙,0,0
1391,096102,2007/12/21(星期五),15192022284442,148,25,2單4雙,153370190,1
1392,096101,2007/12/18(星期二),04071319234917,115,19,5單1雙,321449451,1
1393,096100,2007/12/14(星期五),01172627343913,144,24,4單2雙,0,0
1394,096099,2007/12/11(星期二),10151620274319,131,22,3單3雙,150376523,1
1395,096098,2007/12/7(星期五),08101728323442,129,22,1單5雙,141961309,1
1396,096097,2007/12/4(星期二),01163138434442,173,29,3單3雙,254961665,5
1397,096096,2007/11/30(星期五),08151619304544,133,22,3單3雙,0,0
1398,096095,2007/11/27(星期二),08121634364733,153,26,1單5雙,0,0
1399,096094,2007/11/23(星期五),01222343464933,184,31,4單2雙,0,0
1400,096093,2007/11/20(星期二),01161720224229,118,20,2單4雙,0,0
1401,096092,2007/11/16(星期五),16202239424638,185,31,1單5雙,128413694,1
1402,096091,2007/11/13(星期二),03051617323724,110,18,4單2雙,0,0
1403,096090,2007/11/9(星期五),01020612182425,63,11,1單5雙,0,0
1404,096089,2007/11/6(星期二),01102740434402,165,28,3單3雙,0,0
1405,096088,2007/11/2(星期五),04102844454839,179,30,1單5雙,100000000,1
1406,096087,2007/10/30(星期二),01040917194107,91,15,5單1雙,0,0
1407,096086,2007/10/26(星期五),03111316213626,100,17,4單2雙,100000000,1
1408,096085,2007/10/23(星期二),10252934474917,194,32,4單2雙,0,0
1409,096084,2007/10/19(星期五),15172228364624,164,27,2單4雙,97370469,1
1410,096083,2007/10/16(星期二),05071118384031,119,20,3單3雙,0,0
1411,096082,2007/10/12(星期五),09202326283744,143,24,3單3雙,0,0
1412,096081,2007/10/9(星期二),09363840464713,216,36,2單4雙,61539139,1
1413,096080,2007/10/5(星期五),03101926294818,135,23,3單3雙,0,0
1414,096079,2007/10/2(星期二),03040809244923,97,16,3單3雙,453711660,1
1415,096078,2007/9/28(星期五),08091617193045,99,17,3單3雙,0,0
1416,096077,2007/9/25(星期二),08101228384233,138,23,0單6雙,0,0
1417,096076,2007/9/21(星期五),01162431353921,146,24,4單2雙,0,0
1418,096075,2007/9/18(星期二),20252931374649,188,31,4單2雙,118965226,1
1419,096074,2007/9/14(星期五),02152227454832,159,27,3單3雙,0,0
1420,096073,2007/9/11(星期二),03141822283647,121,20,1單5雙,0,0
1421,096072,2007/9/7(星期五),03052232424928,153,26,3單3雙,0,0
1422,096071,2007/9/4(星期二),09171821424807,155,26,3單3雙,230418012,1
1423,096070,2007/8/31(星期五),23313540414421,214,36,4單2雙,0,0
1424,096069,2007/8/28(星期二),02112229343945,137,23,3單3雙,0,0
1425,096068,2007/8/24(星期五),04060712254709,101,17,3單3雙,0,0
1426,096067,2007/8/21(星期二),16242538424606,191,32,1單5雙,0,0
1427,096066,2007/8/17(星期五),02123135434740,170,28,4單2雙,0,0
1428,096065,2007/8/14(星期二),02051225263806,108,18,2單4雙,0,0
1429,096064,2007/8/10(星期五),11222729354048,164,27,4單2雙,124707279,1
1430,096063,2007/8/7(星期二),01051825354114,125,21,5單1雙,0,0
1431,096062,2007/8/3(星期五),02121527384035,134,22,2單4雙,0,0
1432,096061,2007/7/31(星期二),01060725394105,119,20,5單1雙,0,0
1433,096060,2007/7/27(星期五),13213239424636,193,32,3單3雙,124109659,1
1434,096059,2007/7/24(星期二),01071222293104,102,17,4單2雙,0,0
1435,096058,2007/7/20(星期五),02051019232511,84,14,4單2雙,0,0
1436,096057,2007/7/17(星期二),15293739484946,217,36,5單1雙,0,0
1437,096056,2007/7/13(星期五),05101318343515,115,19,3單3雙,100000000,1
1438,096055,2007/7/10(星期二),02293440444501,194,32,2單4雙,0,0
1439,096054,2007/7/6(星期五),09122336444826,172,29,2單4雙,50000000,2
1440,096053,2007/7/3(星期二),01050921244935,109,18,5單1雙,0,0
1441,096052,2007/6/29(星期五),09232628294431,159,27,3單3雙,0,0
1442,096051,2007/6/26(星期二),18243738434702,207,35,3單3雙,193204127,3
1443,096050,2007/6/22(星期五),13323539414201,202,34,4單2雙,0,0
1444,096049,2007/6/19(星期二),20283341434510,210,35,4單2雙,0,0
1445,096048,2007/6/15(星期五),11172834364626,172,29,2單4雙,0,0
1446,096047,2007/6/12(星期二),03052038394443,149,25,3單3雙,0,0
1447,096046,2007/6/8(星期五),01021126284616,114,19,2單4雙,0,0
1448,096045,2007/6/5(星期二),01162325364721,148,25,4單2雙,0,0
1449,096044,2007/6/1(星期五),07081125344316,128,21,4單2雙,459925064,1
1450,096043,2007/5/29(星期二),10151843454811,179,30,3單3雙,0,0
1451,096042,2007/5/25(星期五),02111325343638,121,20,3單3雙,0,0
1452,096041,2007/5/22(星期二),01183032414824,170,28,2單4雙,0,0
1453,096040,2007/5/18(星期五),11122741434636,180,30,4單2雙,0,0
1454,096039,2007/5/15(星期二),13313540474839,214,36,4單2雙,0,0
1455,096038,2007/5/11(星期五),10132126294749,146,24,4單2雙,0,0
1456,096037,2007/5/8(星期二),01162728414638,159,27,3單3雙,0,0
1457,096036,2007/5/4(星期五),06223438404415,184,31,0單6雙,0,0
1458,096035,2007/5/1(星期二),21242834454946,201,34,3單3雙,280867165,1
1459,096034,2007/4/27(星期五),09102932384237,160,27,2單4雙,0,0
1460,096033,2007/4/24(星期二),08202225384041,153,26,1單5雙,0,0
1461,096032,2007/4/20(星期五),09151619444937,152,25,4單2雙,0,0
1462,096031,2007/4/17(星期二),08314044454806,216,36,2單4雙,0,0
1463,096030,2007/4/13(星期五),05152328313349,135,23,5單1雙,0,0
1464,096029,2007/4/10(星期二),02040620424739,121,20,1單5雙,0,0
1465,096028,2007/4/6(星期五),10182234353741,156,26,2單4雙,100000000,1
1466,096027,2007/4/3(星期二),04103943454933,190,32,4單2雙,0,0
1467,096026,2007/3/30(星期五),14313340454649,209,35,3單3雙,105240008,1
1468,096025,2007/3/27(星期二),04112139424310,160,27,4單2雙,0,0
1469,096024,2007/3/23(星期五),05061719203218,99,17,3單3雙,0,0
1470,096023,2007/3/20(星期二),14152537474913,187,31,5單1雙,299990349,1
1471,096022,2007/3/16(星期五),28353638434947,229,38,3單3雙,0,0
1472,096021,2007/3/13(星期二),04132224264128,130,22,2單4雙,0,0
1473,096020,2007/3/9(星期五),12142021233145,121,20,3單3雙,0,0
1474,096019,2007/3/6(星期二),02151631334640,143,24,3單3雙,0,0
1475,096018,2007/3/2(星期五),12152432394906,171,29,3單3雙,0,0
1476,096017,2007/2/27(星期二),06223639484928,200,33,2單4雙,100000000,1
1477,096016,2007/2/23(星期五),05132530394836,160,27,4單2雙,726486142,1
1478,096015,2007/2/20(星期二),01131933384536,149,25,5單1雙,0,0
1479,096014,2007/2/16(星期五),18192734444837,190,32,2單4雙,0,0
1480,096013,2007/2/13(星期二),02082539434613,163,27,3單3雙,97280185,2
1481,096012,2007/2/9(星期五),07283041454844,199,33,3單3雙,0,0
1482,096011,2007/2/6(星期二),12162632414801,175,29,1單5雙,0,0
1483,096010,2007/2/2(星期五),07081012474838,132,22,2單4雙,0,0
1484,096009,2007/1/30(星期二),06182639424514,176,29,2單4雙,0,0
1485,096008,2007/1/26(星期五),08131826343617,135,23,1單5雙,395748001,1
1486,096007,2007/1/23(星期二),06071531364429,139,23,3單3雙,0,0
1487,096006,2007/1/19(星期五),06262744454602,194,32,2單4雙,0,0
1488,096005,2007/1/16(星期二),13283338434804,203,34,3單3雙,0,0
1489,096004,2007/1/12(星期五),10162628313344,144,24,2單4雙,0,0
1490,096003,2007/1/9(星期二),26283539444518,217,36,3單3雙,0,0
1491,096002,2007/1/5(星期五),12192342444833,188,31,2單4雙,0,0
1492,096001,2007/1/2(星期二),13212327314919,164,27,6單0雙,0,0